tmc,AMP Truck,MIDD Truck,PMP Truck,WE Truck
110+04121,2.4700933,2.4700933,2.4700933,2.4700933
110+04122,2.4716769,2.4716769,2.4716769,2.4716769
110+04123,2.4785285,2.4785285,2.4785285,2.4785285
110+04124,2.4728776,2.4728776,2.4728776,2.4728776
110+04125,2.4720117,2.4720117,2.4720117,2.4720117
110+04126,2.4720117,2.4720117,2.4720117,2.4720117
110+04127,2.4706651,2.4706651,2.4706651,2.4706651
110+04128,2.4720923,2.4720923,2.4720923,2.4720923
110+04129,2.4720923,2.4720923,2.4720923,2.4720923
110+04130,2.4720923,2.4720923,2.4720923,2.4720923
110+04143,15.2854389,14.2434207,12.27685,14.0470574
110+04144,15.3007429,14.2684625,12.2870357,14.0651909
110+04145,7.3301641,8.7960248,6.604014,7.7674597
110+04146,7.2653951,8.8164222,6.5890825,7.7275468
110+04147,7.3185747,8.7735324,6.5546241,7.7254059
110+04148,7.2819212,8.7363009,6.4262408,7.6321034
110+04149,7.3525362,8.7814821,6.5473173,7.7447492
110+04150,7.3430084,8.7663081,6.4965311,7.7196698
110+04151,7.3430084,8.7663081,6.4965311,7.7196698
110+04152,7.3308236,8.7729913,6.5652201,7.7353377
110+04153,7.2950304,8.7929919,6.5285648,7.7074714
110+04154,7.2790444,8.8278177,6.6262102,7.7395317
110+04155,7.2789494,8.8353604,6.7137542,7.7786758
110+04156,7.1079876,8.6685678,6.6936557,7.5660645
110+04157,7.2864163,8.810654,6.6469817,7.7547665
110+04158,7.2864163,8.810654,6.6469817,7.7547665
110+04159,7.2864163,8.810654,6.6469817,7.7547665
110+04163,1.5492427,1.0544931,1.5225245,1.335278
110+04164,1.5492427,1.0544931,1.5225245,1.335278
110+04165,1.5458122,1.0500507,1.496867,1.3177792
110+04166,1.5485305,1.0494195,1.4902641,1.3153748
110+04167,1.5517528,1.0479831,1.4693358,1.3094298
110+04168,1.54837,1.0470511,1.4812305,1.307084
110+04169,1.5520372,1.0504064,1.4585522,1.3099231
110+04170,1.5585342,1.0541013,1.4716751,1.3197721
110+04172,1.5585342,1.0541013,1.4716751,1.3197721
110+04173,1.5620227,1.0614625,1.4490997,1.3167348
110+04174,1.5329214,1.062364,1.4092098,1.2900994
110+04175,1.5423975,1.0639504,1.4097419,1.2956566
110+04176,1.5537113,1.0437443,1.4782318,1.3178568
110+04177,1.5537113,1.0437443,1.4782318,1.3178568
110+04178,1.5572579,1.0518579,1.4684686,1.3163839
110+04179,1.5597688,1.0650005,1.4877876,1.3321564
110+04180,1.5641072,1.0753449,1.4956889,1.3298259
110+04181,1.5641072,1.0753449,1.4956889,1.3298259
110+04182,1.5609686,1.0691671,1.5402598,1.3444189
110+04183,1.5659208,1.0846005,1.5725707,1.3575432
110+04184,13.5280558,10.4274148,5.0390653,8.9074799
110+04185,13.5695169,10.5109833,5.2281395,8.9679522
110+04186,13.5524906,10.4457062,5.1052141,8.927164
110+04187,13.56964,10.4239298,5.0622144,8.9570391
110+04188,13.56964,10.4239298,5.0622144,8.9570391
110+04189,13.5524694,10.3724043,4.9912276,8.8636993
110+04190,13.5712803,10.546841,4.9852084,9.0378568
110+04191,13.5753282,10.5642486,4.9692854,9.070757
110+04192,13.5599367,10.5506339,4.9714162,9.0625423
110+04193,13.5599367,10.5506339,4.9714162,9.0625423
110+04194,20.8748456,17.4116918,12.3491679,16.1923368
110+04603,8.7935589,9.1951775,5.2470766,7.8922741
110+04604,5.6943416,6.3520866,3.1797003,5.2515369
110+04605,5.6667396,6.4075081,3.1796526,5.3087916
110+04606,5.6495453,6.5768962,3.1920405,5.4583183
110+04607,5.6662824,6.3851285,3.1874424,5.3522408
110+04608,5.7017867,6.377893,3.1847149,5.3083343
110+04609,5.7117741,6.4192463,3.1857164,5.3661764
110+04610,5.7069861,6.3727275,3.180512,5.2851606
110+04611,5.6785049,6.3036438,3.1808224,5.1594532
110+04612,5.6500972,6.3661082,3.1974381,5.3738495
110+04613,5.6531025,6.3827644,3.194205,5.3579704
110+04614,5.69619,6.3483588,3.1925167,5.309414
110+04645,8.7987952,9.1144389,5.2469426,7.8429962
110+04646,8.7987952,9.1144389,5.2469426,7.8429962
110+04647,8.7987952,9.1144389,5.2469426,7.8429962
110+04648,8.7916665,9.1161613,5.2363135,7.7409284
110+04670,2.4720923,2.4720923,2.4720923,2.4720923
110+04681,23.8645603,23.1088377,17.9502774,21.8870001
110+04682,23.9194824,23.1125946,18.0399872,21.8582038
110+04683,23.8477303,22.9461487,18.0189711,21.5641088
110+04684,23.8591981,23.0670546,18.0657476,21.6484918
110+04686,7.2413939,11.5480249,4.1252259,7.9955545
110+04687,7.228486,11.5945106,4.1133014,8.1382701
110+04688,7.309856,11.5569906,4.1155387,8.0985717
110+04689,7.2608913,11.595871,4.1298902,8.1057886
110+04690,7.3526716,11.4890699,4.2251216,8.174088
110+04691,7.3325208,11.4870152,4.2281472,8.1956163
110+04692,7.5414872,11.4251911,4.2573367,8.209098
110+04693,7.5414872,11.4251911,4.2573367,8.209098
110+04694,7.5892119,11.5320143,4.1706957,8.2714588
110+04695,7.5889427,11.5320143,4.1706957,8.2713657
110+04696,7.5892119,11.5320143,4.1706957,8.2714588
110+04697,7.5892119,11.5320143,4.1706957,8.2714588
110+04698,7.8088654,11.3074151,4.2561986,8.1241763
110+04699,7.8088654,11.3074151,4.2561986,8.1241763
110+04700,7.8694667,11.2971819,4.2765322,8.0726002
110+04701,7.9540285,11.2801131,4.2847297,8.0297279
110+04702,3.0976604,2.8103696,1.0630074,2.2347395
110+04703,3.1127031,2.8842205,1.0475566,2.4004555
110+04704,3.1169423,2.869552,1.048567,2.3485531
110+04705,3.113533,2.8798651,1.0447836,2.3418888
110+04706,3.1052908,2.9100357,1.0474787,2.3865555
110+04707,3.1002348,2.9117887,1.0416765,2.3902166
110+04708,3.1251298,2.9321407,1.0325685,2.3606063
110+04709,3.1504217,2.9372257,1.0309055,2.3525753
110+04710,3.1548646,2.9031724,1.0244235,2.269083
110+04711,3.1734873,2.9242569,1.0245585,2.3236374
110+04728,8.5390769,9.0288989,3.4200989,7.039202
110+04729,8.5390769,9.0288989,3.4200989,7.039202
110+04730,8.5514238,9.1617724,3.4267122,7.3154985
110+04731,8.4428933,9.1092299,3.4183923,7.1596105
110+04732,8.3676715,9.1318499,3.4225234,7.1820057
110+04733,8.3676715,9.1316673,3.4225234,7.1819366
110+04734,8.3672607,9.3116927,3.4290404,7.448002
110+04735,8.1271795,9.0758203,3.4142045,7.1991544
110+04736,8.1879916,9.0202848,3.4111715,7.1092067
110+04737,8.2641618,9.1361561,3.4251782,7.2346093
110+04738,8.2641618,9.1361561,3.4251782,7.2346093
110+04739,8.2641618,9.1361561,3.4251782,7.2346093
110+04740,8.5022463,8.4471332,3.4009057,6.7515334
110+04741,8.5505143,8.5055051,3.4017224,6.7833422
110+04742,8.5505143,8.5055051,3.4017224,6.7833422
110+04743,8.5837729,8.5792387,3.4037725,6.8439746
110+04744,8.5981226,8.7035478,3.407799,6.9561364
110+04770,9.2770153,12.467441,9.1463249,10.6630461
110+04771,9.2771553,12.5059715,9.1920774,10.6938857
110+04772,9.1545612,12.4793412,9.2349045,10.5315074
110+04773,9.0353091,12.4460811,9.1730501,10.4252612
110+04774,9.0284083,12.4214522,9.126552,10.3980813
110+04775,9.0075742,12.4239164,9.1370145,10.3969338
110+04776,8.9969675,12.3605247,9.0443308,10.3379742
110+04777,8.9918145,12.386486,9.0754284,10.3572503
110+04785,8.4887918,9.0665327,5.7933636,7.899374
110+04786,8.4903509,9.0635662,5.7770492,7.8918944
110+04787,8.509242,9.0556376,5.7615536,7.8726372
110+04788,8.4963788,9.0417065,5.7424923,7.8695272
110+04789,8.5696841,9.0520956,5.7263532,7.8518766
110+04790,8.5401929,9.0778279,5.7118676,7.9333707
110+04792,7.2698595,7.8623868,4.7256484,6.836406
110+04793,7.2611253,7.8763571,4.7373345,6.8577468
110+04794,7.2770262,7.85491,4.7129522,6.8109602
110+04795,7.3152101,7.8251187,4.7054138,6.7546174
110+04796,7.3152101,7.8251187,4.7054138,6.7546174
110+04798,8.7665081,10.0227482,6.9054491,8.8697135
110+04799,8.6183611,10.0127842,6.9128114,8.7975829
110+04800,8.598716,10.0323303,6.9235622,8.8050629
110+04801,8.4585327,10.0295013,6.9353329,8.7419609
110+04803,8.4002291,10.0338166,6.9506108,8.6851319
110+04804,8.4549828,10.0108867,6.9501713,8.6790058
110+04805,8.4571876,10.0197672,6.9742022,8.6908328
110+04806,8.4571876,10.0197672,6.9742022,8.6908328
110+04807,8.3555887,10.0239325,6.9363784,8.6429521
110+04808,8.3555887,10.0239325,6.9363784,8.6429521
110+04809,8.3248236,10.0106357,6.9426,8.621962
110+04810,8.2928545,10.0002543,6.9497495,8.6019863
110+04811,8.2073961,9.9956583,6.9528649,8.5656534
110+04812,8.2008733,10.0020417,6.9527572,8.565509
110+04813,8.166579,9.9945216,6.9458823,8.5232012
110+04814,8.1266815,10.0454377,6.9881368,8.5800435
110+04815,7.4991326,10.5944106,6.845403,8.5424236
110+04816,7.5750642,10.5720987,6.8429727,8.5764825
110+04817,7.5785564,10.5608623,6.8495765,8.5749293
110+04818,7.5275159,10.5193575,6.8100888,8.4872431
110+04819,7.2217873,7.8493738,4.7182726,6.8308769
110+04820,7.2217873,7.8493738,4.7182726,6.8308769
110+04821,7.2249675,7.8210671,4.7064007,6.7815532
110+04823,3.889427,4.6007082,1.3233024,3.6780649
110+04824,3.889427,4.6007082,1.3233024,3.6780649
110+04825,3.889427,4.6007082,1.3233024,3.6780649
110+04827,11.9814094,15.2328949,11.1766151,13.1016788
110+04828,11.962667,15.2459248,11.2032595,13.1013766
110+04847,1.9348949,3.3991151,1.4840342,2.2350487
110+04848,1.891558,3.4490933,1.4883174,2.3046958
110+04849,1.891558,3.4490933,1.4883174,2.3046958
110+04850,1.8906012,3.4504033,1.4833676,2.3018281
110+04851,1.9053682,3.4454788,1.4920811,2.3396034
110+04852,1.9386549,3.4435818,1.4761805,2.314247
110+04855,9.0513014,11.4772645,5.7389956,9.1406369
110+04856,9.1431967,11.329114,5.8096266,9.0278825
110+04857,9.083312,11.3910399,5.8053976,9.088555
110+04858,3.3943204,4.7719165,2.1052791,3.559267
110+04859,3.388662,4.8230257,2.0907134,3.6288926
110+04860,3.4032524,4.8280846,2.0964955,3.6231605
110+04861,3.3973701,4.8283198,2.0953543,3.6090462
110+04862,3.3946832,4.8858846,2.0906121,3.6469544
110+04863,4.1292318,4.4693242,1.3244175,3.4628427
110+04864,4.031194,4.4029409,1.3243127,3.3824273
110+04865,4.0211265,4.4545364,1.3232484,3.4263972
110+04866,4.0211265,4.4545364,1.3232484,3.4263972
110+04867,4.0418936,4.4938172,1.3135474,3.4712993
110+04868,3.9409811,4.5142523,1.3164765,3.5090006
110+04869,3.8862061,4.5247627,1.312234,3.5629411
110+04870,4.2267249,4.6845823,1.293066,3.8317348
110+04871,4.2267249,4.6845823,1.293066,3.8317348
110+04872,4.2172235,4.4685001,1.3178263,3.536854
110+04873,4.0218566,4.4408454,2.2404286,3.695896
110+04874,3.9919856,4.3957404,2.2499266,3.6626776
110+04875,4.0369008,4.4525614,2.2300195,3.67972
110+04876,3.998916,4.4790706,2.2299414,3.7049803
110+04877,3.998916,4.4790706,2.2299414,3.7049803
110+04878,3.998916,4.4790706,2.2299414,3.7049803
110+04879,4.0032392,4.534748,2.2264543,3.7277158
110+04880,3.9676663,4.3995144,2.2565479,3.6393913
110+04881,3.9674568,4.3995144,2.2565479,3.6393286
110+04882,3.9676663,4.3995144,2.2565479,3.6393913
110+04883,3.9341047,4.4864328,2.2352685,3.680782
110+04884,4.0574132,4.4027507,2.2502451,3.6548129
110+04885,6.6748498,6.8812885,3.1740162,5.6863394
110+04886,6.6577687,6.8999723,3.1747284,5.6959827
110+04887,6.5354016,6.9025295,3.1687276,5.6797661
110+04888,6.5925154,6.833906,3.1735761,5.6237105
110+04889,6.6137756,6.9348474,3.1734063,5.7535639
110+04890,6.5727787,6.9783937,3.1724765,5.7997692
110+04891,6.5730081,6.9783937,3.172186,5.7997584
110+04892,10.8122724,11.9188174,7.0510971,10.2601585
110+04893,10.8487573,11.9749569,7.0743419,10.2896723
110+04894,10.8282246,11.9526544,7.0760152,10.2047004
110+04895,10.8723332,11.866325,7.048102,10.1533269
110+04896,10.8723332,11.8660089,7.048102,10.1531862
110+04897,10.8608786,11.8531016,7.0507592,10.1452733
110+04898,10.8797874,11.8791284,7.034369,10.2197262
110+04899,10.8742391,11.8588444,6.9981014,10.1984986
110+04900,9.3856588,12.5306033,9.6384172,10.8996688
110+04901,9.3814943,12.5412395,9.6508087,10.9070963
110+04902,9.2762564,12.551147,9.6428994,10.8275021
110+04903,9.1569326,12.5663505,9.6594151,10.6615108
110+04904,3.9272403,6.8412131,3.7145682,5.0444773
110+04905,3.8323697,6.8394012,3.6765164,4.9433379
110+04906,3.8340648,6.8388351,3.6833264,4.9454573
110+04907,3.8381123,6.8414564,3.6846213,4.9482654
110+04908,3.8413907,6.8483407,3.6858486,4.9524062
110+04911,4.9318222,8.964937,3.2750966,5.9403054
110+04912,4.937271,8.9895028,3.2638024,5.9594739
110+04913,4.9252494,8.9743634,3.2854043,5.8964472
110+04914,5.0026613,8.8994004,3.3087065,6.0337392
110+04915,5.0094243,8.8997892,3.3087254,6.0339201
110+04925,15.2980557,14.0717164,11.9786181,13.8144729
110+04926,15.3016691,14.1797996,12.1193796,13.9391692
110+04927,15.2205234,14.1850707,12.1845031,13.9726477
110+04944,3.8699769,4.3415911,1.3991011,3.3464715
110+04945,3.8528885,4.3390359,1.3980008,3.3397239
110+04946,3.8528885,4.3390359,1.3980008,3.3397239
110+04947,3.8462356,4.3340034,1.3957069,3.3349643
110+04948,3.8462356,4.3340034,1.3957069,3.3349643
110+04949,3.7877833,4.3071493,1.389542,3.2037538
110+04950,3.7895071,4.3055513,1.3890266,3.2034417
110+04951,3.8007749,4.3056944,1.390257,3.2070578
110+04952,3.8118478,4.3001331,1.3884669,3.2073939
110+04953,8.8571316,12.4872141,9.1633066,10.3699198
110+04955,8.8286276,12.521275,9.2150835,10.3883319
110+04956,8.8374376,12.5539111,9.2663314,10.4183059
110+04957,8.8749722,12.5234497,9.1789495,10.236955
110+04958,8.8800848,12.5267613,9.1542655,10.2324056
110+04959,8.9086732,12.520264,9.1821465,10.2485683
110+05007,24.4329591,26.7133312,25.6781032,25.839426
110+05008,18.7232263,21.9245414,19.2723687,20.2716984
110+05009,18.7413156,21.9663647,19.3541317,20.3545163
110+05010,18.7030959,21.9760243,19.3113504,20.3347404
110+05011,16.6112065,20.4456482,17.5873222,18.5670699
110+05012,19.7105708,21.8176291,18.8165322,20.384862
110+05018,16.4888145,20.4666005,17.6932561,18.5059045
110+05019,16.4766436,20.4560272,17.6329134,18.4961155
110+05020,16.6015855,20.4723101,17.5910322,18.5776612
110+05021,16.5055498,20.4390617,17.4564318,18.4145113
110+05022,16.4864779,20.4003865,17.5290517,18.428905
110+05023,16.629365,20.3658649,17.3725326,18.3631167
110+05354,36.7452475,29.5545214,29.9323561,31.5058617
110+05355,36.764288,29.5444741,29.9844175,31.4512647
110+05356,27.1293305,24.2873385,21.759843,24.2774236
110+05357,27.0306928,24.2887602,21.7252204,24.2362715
110+05358,26.9256086,24.3122396,21.7772047,24.2556427
110+05359,26.8098319,24.3143454,21.7957686,24.1846099
110+05360,26.8002074,24.2897158,21.6725293,24.0830635
110+05361,26.8856834,24.2106193,21.7181965,24.0172756
110+05362,27.1847767,24.1650017,21.7476442,23.9932114
110+05363,27.1640963,24.1769865,21.7613633,23.9991602
110+05364,27.1420253,24.1880444,21.8353692,24.0659065
110+05365,27.1757495,24.1886082,21.8657597,24.1502713
110+05366,27.1767495,24.1882429,21.8662838,24.1504681
110+05367,27.2903121,24.1977966,21.8568069,24.2068916
110+05368,27.3139083,24.2193631,21.9078967,24.2750491
110+05369,24.2549426,23.0433908,18.0192016,21.8283254
110+05370,23.9618462,23.073767,17.9900025,21.8404231
110+05371,23.9418,23.0874076,17.9777666,21.8381077
110+05372,23.8041219,23.0992916,17.9696115,21.8511024
110+05373,23.7418008,23.1143783,17.9575092,21.8797554
110+05374,23.9295599,23.0713455,17.8849571,21.8377712
110+05375,23.8941042,23.082098,17.9329664,21.8287502
110+05376,29.4144017,27.333692,21.0874813,25.6637393
110+05377,29.4321096,27.3420774,21.0783267,25.6619631
110+05378,29.4169844,27.3715302,21.0592164,25.7741301
110+05379,8.7056234,9.0703241,5.7128519,7.9695647
110+05380,8.7760856,9.0786792,5.7307452,7.9851657
110+05381,8.8582701,9.0716696,5.7274517,8.0035467
110+05382,8.8698191,9.0740097,5.7499137,8.0170026
110+05383,15.4384166,14.0302708,11.9985033,13.7370912
110+05384,15.3816551,14.0537611,12.0127254,13.7805932
110+05390,15.2980557,14.0708886,11.9781012,13.8139486
110+05392,29.0079789,25.0223224,26.3245827,26.3309978
110+05393,29.0135203,25.0005133,26.3515847,26.3631422
110+05394,29.0966812,25.1597198,26.5612693,26.6280176
110+05395,28.9926717,25.0057356,26.3255516,26.3791539
110+05396,24.9587561,26.8211525,25.3988342,25.9661509
110+05397,24.9767873,26.832575,25.477815,25.9997441
110+05398,24.8018186,26.752278,25.6112102,25.9106614
110+05399,24.8690803,26.8236028,25.483442,25.9578562
110+05400,24.9283548,26.8303688,25.4989343,25.983907
110+05401,24.8542889,26.7698463,25.3782634,25.8945576
110+05402,24.6005839,26.7748128,25.3563608,25.7505353
110+05403,24.2564966,26.7303847,25.5862161,25.6937637
110+05404,24.4073404,26.7114067,25.573529,25.8034761
110+05405,20.0976085,21.9108812,19.0074799,20.6856497
110+05406,20.2370288,21.8737967,18.9136818,20.6697226
110+05407,35.5328545,31.4094118,34.3073568,33.1426494
110+05408,35.5043568,31.4317275,34.2103305,33.089311
110+05409,35.7073475,31.3515944,34.1003632,33.0436507
110+05410,35.5438804,31.3581129,34.1710687,33.0551562
110+05411,35.5308744,31.3614587,34.3034601,33.1027209
110+05412,35.4781164,31.3574693,34.2338896,33.0641381
110+05413,36.4978731,29.4551739,29.892675,31.130942
110+05415,21.9172278,18.6363546,19.0424658,19.4605421
110+05416,22.0146846,18.698634,19.1285445,19.5497761
110+05417,22.0434832,18.6714451,19.1009917,19.5659449
110+05418,22.09335,18.7368448,19.2361855,19.6435731
110+05419,22.0389235,18.7200827,19.2013054,19.5911199
110+05420,22.043278,18.7115615,19.187697,19.5833772
110+05421,22.0205211,18.7294682,19.2144311,19.5779603
110+05422,22.1069394,18.8521478,19.4467513,19.7576402
110+05423,22.0451956,18.7420926,19.2367646,19.6127728
110+05424,8.7343398,9.9971373,6.9206924,8.8088778
110+05425,8.7341055,9.9931417,6.9203034,8.806779
110+05427,17.9269108,17.3843518,16.520244,17.2392486
110+05428,17.9269108,17.3843518,16.520244,17.2392486
110+05429,17.8661711,17.3935055,16.5103269,17.2606951
110+05430,17.8876142,17.423212,16.6647812,17.3073003
110+05431,17.8934026,17.3925581,16.5600786,17.2653265
110+05432,17.8885631,17.3921421,16.5604275,17.2647759
110+05433,17.9010322,17.3805055,16.5508961,17.2568891
110+05434,17.8984663,17.4091374,16.5732585,17.2816688
110+05435,17.8956787,17.4196984,16.5902844,17.2954099
110+05436,17.881029,17.4385727,16.6049702,17.3131406
110+05437,17.879982,17.4524248,16.6218521,17.3255428
110+05438,17.8659768,17.4589689,16.6363823,17.3355676
110+05439,17.8374935,17.5110274,16.6699331,17.3759503
110+05440,12.009112,15.2235387,11.1312534,13.1111576
110+05441,11.8227289,15.2175831,11.1755815,13.0003354
110+05443,3.8565546,4.2952488,1.386009,3.2171966
110+05444,4.045202,4.2726514,1.3839269,3.2160355
110+05445,4.0591368,4.3041531,1.3826479,3.2750641
110+05446,12.8637372,15.4155894,11.2174647,13.4677165
110+05447,12.8522482,15.4187325,11.1920395,13.4795341
110+05448,12.8270868,15.4335984,11.164816,13.4990302
110+05449,12.7525403,15.4792363,11.195925,13.495298
110+05450,12.7080667,15.5666308,11.264464,13.5362209
110+05451,12.4759994,15.591508,11.2627101,13.4082123
110+05452,12.6346344,15.5835203,11.346786,13.4993832
110+05453,12.5696787,15.5828743,11.399154,13.4700089
110+05454,12.5701401,15.5772498,11.4259663,13.464993
110+05455,12.7787735,15.4873608,11.4444781,13.4680576
110+05456,12.7050125,15.4585585,11.3757138,13.3094238
110+05457,12.7880663,15.5051034,11.4240183,13.5116255
110+05458,12.7869391,15.5047707,11.3872619,13.4982642
110+05459,12.7407895,15.5473452,11.3783299,13.5267245
110+05460,28.6680445,25.2457334,24.8443586,25.9892667
110+05461,28.3669473,25.2984022,24.9377525,25.8073207
110+05463,21.5440428,21.7203243,18.2227766,20.6103799
110+05464,21.5304416,21.7188335,18.2291333,20.6184835
110+05465,21.4835042,21.7177096,18.1847619,20.6057053
110+05466,21.5672027,21.7020208,18.2062726,20.6135373
110+05467,21.5715448,21.7020306,18.2393684,20.6231706
110+05468,21.5194809,21.6940637,18.2359373,20.6063071
110+05469,21.4823376,21.7150426,18.1958552,20.599964
110+05470,21.5134969,21.6645349,18.1938787,20.5641944
110+05471,21.6565358,21.6664328,18.2328259,20.634076
110+05472,21.7252308,21.6674411,18.2268742,20.6481712
110+05473,21.5905266,21.6776851,18.2161046,20.6198523
110+05474,21.6031441,21.671308,18.2029649,20.6256755
110+05475,21.6802445,21.6798596,18.2180635,20.6442581
110+05476,21.7564999,21.7228737,18.2393516,20.7424583
110+05477,21.8090574,21.7253353,18.2293959,20.7436073
110+05478,21.792891,21.707037,18.2496694,20.832618
110+05479,21.7931838,21.7066875,18.2504188,20.8327244
110+05480,21.7807064,21.7151825,18.2850248,20.8564647
110+05481,21.7478246,21.7064072,18.2747554,20.8438994
110+05482,29.0235279,24.9643663,26.3521358,26.281838
110+05483,29.0424521,24.9394102,26.3419441,26.2710589
110+05484,29.0015338,25.0113792,26.4011194,26.2802752
110+05485,28.976349,24.9671612,26.5323503,26.2884057
110+05486,28.9758555,24.9991236,26.4032467,26.3086922
110+05487,28.9518719,24.9466436,26.3432995,26.1953491
110+05488,28.9530372,24.946711,26.3441132,26.1958653
110+05490,24.2225081,24.3813498,22.1289848,23.6833283
110+05491,24.1967083,24.4157788,22.1109426,23.7118867
110+05492,24.2151011,24.4118715,22.1047947,23.7122954
110+05493,24.278004,24.4109095,22.1529929,23.7352403
110+05495,36.4607158,29.3890552,29.8244182,30.990518
110+05496,36.4759469,29.4063462,29.8568431,31.0173405
110+05497,36.5472608,29.427988,29.9039611,31.0655384
110+05498,36.672123,29.4127063,29.8118896,31.2022089
110+05499,36.6451158,29.4147399,29.7889002,31.1903723
110+05500,36.7446317,29.4372326,29.8332804,31.3595239
110+05501,36.9704525,29.5307727,29.9434425,31.6279192
110+05503,20.8746155,17.4113024,12.3472485,16.1914203
110+05504,20.8192093,17.7057374,12.2898922,16.5644927
110+05505,20.8487882,17.7404244,12.2907777,16.5871162
110+05507,31.4508402,25.4191852,29.03412,27.6931994
110+05508,31.3184464,25.4491533,29.0077687,27.7276015
110+05509,31.3188108,25.449901,29.0082272,27.7281846
110+05510,31.3188108,25.449901,29.0082272,27.7281846
110+05511,31.1300394,25.2975928,29.142863,27.6761585
110+05512,31.1574393,25.2927281,29.1562303,27.6902044
110+05513,31.1772346,25.2957461,29.1548508,27.7231018
110+05514,31.2554697,25.3095063,29.1747868,27.6249394
110+05515,31.2705986,25.3014763,29.1286379,27.7567008
110+05517,34.9291336,32.0177249,35.8005748,33.6430746
110+05518,35.1984169,32.0046925,35.7857756,33.7123206
110+05519,31.3678411,29.7991335,33.861657,31.2391898
110+05520,31.2632597,29.8629479,33.837092,31.2378011
110+05521,31.4505004,29.8325658,33.8178358,31.2644973
110+05522,31.4418644,29.9004086,33.8009339,31.2872618
110+05529,26.880232,23.1189513,23.0509273,23.9149284
110+05530,26.8752243,23.0875962,23.086652,23.9062279
110+05531,26.8763648,23.0832689,23.0961563,23.912209
110+05532,26.8677073,23.0698393,23.3359865,23.9341186
110+05533,26.8944533,23.0499102,23.2093292,23.7981338
110+05534,26.8655374,23.0707247,23.0510902,23.9795146
110+05535,26.9079642,23.0567314,22.9116418,23.7926633
110+05536,26.9130463,23.0760043,23.1275085,23.7993468
110+05537,26.908582,23.0743936,23.1271655,23.7976209
110+05538,26.9042399,23.0834006,23.170299,23.8330037
110+05539,26.914414,23.1334292,23.0473812,23.9427684
110+05540,26.870924,23.0988027,22.9819999,23.8830352
110+05541,26.8624783,23.1245685,22.9654234,24.0236481
110+05542,26.8894713,23.0668945,22.5775064,23.7661845
110+09220,21.4986372,21.6474971,18.0816363,20.5168644
110+10918,8.9829264,12.4531176,9.1131717,10.4614578
110+10919,8.9653465,12.4630528,9.1181397,10.4617607
110+10920,8.8465615,12.4836226,9.1639699,10.3652161
110+10921,8.8479619,12.5022924,9.1746803,10.3759957
110+15859,9.0249185,12.4332593,9.1455188,10.4081578
110+16029,9.2512564,12.5139259,9.2374143,10.7042742
110+16072,3.3492327,4.8337948,2.0958513,3.5774931
110-04120,2.4773794,2.4773794,2.4773794,2.4773794
110-04121,2.4703281,2.4703281,2.4703281,2.4703281
110-04122,2.4785285,2.4785285,2.4785285,2.4785285
110-04123,2.4730274,2.4730274,2.4730274,2.4730274
110-04124,2.4724973,2.4724973,2.4724973,2.4724973
110-04125,2.4717931,2.4717931,2.4717931,2.4717931
110-04126,2.4706651,2.4706651,2.4706651,2.4706651
110-04127,2.4720923,2.4720923,2.4720923,2.4720923
110-04128,2.4758969,2.4758969,2.4758969,2.4758969
110-04142,11.9449581,10.8993476,6.9996599,9.9908075
110-04143,11.9485561,10.9047627,7.005622,9.9959481
110-04144,11.9860253,10.8718415,7.0145619,9.9495334
110-04145,12.0143239,11.0650334,7.09332,10.2536508
110-04146,8.6579821,9.4696633,5.3988193,8.1179889
110-04147,8.6130316,9.3964699,5.3772284,8.0070961
110-04148,8.6653143,9.2403874,5.3443883,7.8194215
110-04149,8.6863748,9.1331648,5.3289952,7.6498282
110-04150,8.6863748,9.1331648,5.3289952,7.6498282
110-04151,8.6824403,9.3357455,5.3652047,7.9319581
110-04152,8.7030593,9.3201804,5.3595283,7.9779384
110-04153,8.7307163,9.2297579,5.3810041,7.8728362
110-04154,8.7766292,9.1776658,5.3525594,7.8084376
110-04156,8.83168,9.4117849,5.3352107,7.972713
110-04158,8.7720184,9.0887506,5.3004189,7.8233809
110-04162,1.9305772,1.1128172,0.9761189,1.3124684
110-04163,1.9305772,1.1128172,0.9761189,1.3124684
110-04164,1.9343199,1.096721,0.9750078,1.3233545
110-04165,1.9266095,1.0928144,0.9708548,1.3152859
110-04166,1.9125398,1.0970891,0.967244,1.291725
110-04167,1.9350073,1.0753243,0.9623848,1.3117927
110-04168,1.9221085,1.0854688,0.9549164,1.2897208
110-04169,1.9389089,1.1091749,0.9639063,1.2939845
110-04170,1.9389089,1.1091749,0.9639063,1.2939845
110-04171,1.9389089,1.1091749,0.9639063,1.2939845
110-04172,1.9563225,1.112876,0.9683077,1.2921293
110-04173,1.9666864,1.1061307,0.9640102,1.2978358
110-04174,1.9083639,1.0956149,0.9811688,1.2837619
110-04175,1.9085734,1.0956149,0.9811688,1.2838189
110-04176,1.9536686,1.0913736,0.9680484,1.3448661
110-04177,1.9474948,1.0898918,0.9677567,1.3577868
110-04178,1.9479861,1.0919866,0.9725906,1.3568322
110-04179,1.9326367,1.0603569,0.9656302,1.3450496
110-04180,1.9326367,1.0603569,0.9656302,1.3450496
110-04181,1.941531,1.0727146,0.9608037,1.3608545
110-04182,1.9810325,1.0703157,0.9952707,1.4019186
110-04183,8.2667794,11.9415993,8.2016611,9.648975
110-04184,8.3350293,11.9729975,8.1911773,9.8054457
110-04185,8.1790099,11.8877775,8.2316715,9.6473457
110-04186,8.0353142,11.895635,8.2473468,9.5364574
110-04187,8.1270459,11.8714794,8.2601816,9.6105473
110-04188,7.8608056,11.8045229,8.2051515,9.4120472
110-04189,7.9843051,11.7491544,8.1456783,9.4900775
110-04190,7.9891483,11.729911,8.1416508,9.4948004
110-04191,7.9455203,11.7692527,8.1967639,9.5131267
110-04192,7.9455203,11.7692527,8.1967639,9.5131267
110-04193,19.2354509,19.0837553,14.8625978,18.1125503
110-04603,5.3899482,6.1349139,2.7965862,4.9161176
110-04604,5.392098,6.0658118,2.7934149,4.8188567
110-04605,5.3957522,6.0481424,2.8000657,4.7510369
110-04606,5.4068225,6.1493361,2.806296,4.8844761
110-04607,5.3876389,6.1508757,2.8022844,4.8623575
110-04608,5.384802,6.1219219,2.8074259,4.8407271
110-04609,5.39258,6.1351274,2.7978166,4.8483347
110-04610,5.3940875,6.2704058,2.8044827,5.0445054
110-04611,5.3707974,6.1639915,2.7897124,4.9546508
110-04612,5.3775831,6.1568616,2.7879558,4.9283669
110-04613,5.3790372,6.1564699,2.7819929,4.9175895
110-04644,7.2715036,8.6853663,6.6390491,7.6260683
110-04645,7.2715036,8.6851788,6.6390491,7.6259986
110-04646,7.2712773,8.685316,6.6390491,7.6259684
110-04647,7.2715036,8.685316,6.6390491,7.6260496
110-04648,7.2959621,8.7144084,6.703113,7.723671
110-04670,2.4720923,2.4720923,2.4720923,2.4720923
110-04681,19.8602919,22.7866022,20.2488572,21.2922616
110-04682,19.7441536,22.8250923,20.1801038,21.2111289
110-04683,19.6902001,22.839825,20.1958481,21.2178235
110-04684,19.9461559,27.4728192,25.8576983,24.7403201
110-04685,12.3117123,9.4321104,4.1838452,8.0503181
110-04686,12.3775861,9.4665442,4.1565614,7.996793
110-04687,12.3608984,9.5179133,4.1462345,8.1733629
110-04688,12.4036316,9.4775164,4.1735148,8.0517732
110-04689,12.392528,9.4760462,4.1701344,8.0807934
110-04690,12.3528486,9.5953631,4.1093933,8.1896626
110-04691,12.3528486,9.5953631,4.1093933,8.1896626
110-04692,12.3528486,9.5953631,4.1093933,8.1896626
110-04693,12.2814118,9.980866,3.9145643,8.8090488
110-04694,12.3683833,9.8608424,4.1853326,8.8845997
110-04697,12.2482918,9.9494941,4.0282093,9.3043718
110-04698,12.2482918,9.9494941,4.0282093,9.3043718
110-04699,12.249442,9.9356979,4.0254416,9.19567
110-04700,12.2435245,9.9435378,4.0201386,9.2352225
110-04701,2.4564883,3.5919503,1.6886569,2.6361698
110-04702,2.4908788,3.593939,1.6811368,2.7035535
110-04703,2.4908788,3.593939,1.6811368,2.7035535
110-04704,2.4979924,3.5912066,1.6855523,2.7154231
110-04705,2.5217938,3.5858548,1.694218,2.7049523
110-04706,2.5206141,3.5630331,1.7012891,2.7085141
110-04707,2.5364226,3.5585844,1.7150223,2.7230695
110-04708,2.5936221,3.579222,1.705483,2.7477637
110-04709,2.5658956,3.592229,1.6988783,2.7375504
110-04727,8.4617781,9.0607152,3.4222674,7.1978637
110-04728,8.277768,9.2537315,3.421547,7.378241
110-04729,8.4368168,9.2122964,3.4194288,7.3017824
110-04730,8.4263222,8.9766815,3.4135584,7.1001851
110-04731,8.4927074,8.9444953,3.4112691,7.0935112
110-04732,8.6850346,8.9045626,3.4134333,7.0418329
110-04733,8.617954,8.7070779,3.409524,6.8845316
110-04734,8.4006077,8.7000597,3.4053331,6.8869607
110-04735,8.2910513,8.7306985,3.4038987,6.8865312
110-04736,8.402842,9.1451643,3.4284355,7.2387503
110-04738,8.402842,9.1451643,3.4284355,7.2387503
110-04739,7.9463108,9.2191897,3.4219211,7.2320742
110-04740,7.9463108,9.2191897,3.4219211,7.2320742
110-04741,7.947415,9.2714378,3.4241564,7.2464289
110-04742,7.9608571,9.2887452,3.4268197,7.2720959
110-04743,8.0209333,9.2672995,3.4271394,7.2206038
110-04769,24.1335596,23.4822265,18.6997308,22.1439313
110-04770,24.3696514,23.4149458,18.685793,22.1807269
110-04771,24.5314788,23.5809965,18.8808169,22.3999089
110-04772,24.9479234,23.5494799,18.6969421,22.4963879
110-04773,13.2120926,11.8470794,5.8662972,10.3756296
110-04774,13.186764,11.82815,5.8283087,10.3573426
110-04775,13.1691545,11.8033893,5.8296736,10.3429175
110-04776,13.2236251,11.790179,5.9165278,10.2335623
110-04777,13.1937631,11.7954045,5.9206121,10.1772374
110-04784,6.543528,8.4065291,4.7788334,6.8112925
110-04785,8.4635019,10.0379118,5.8817172,8.3850166
110-04786,8.4191134,10.029256,5.8412805,8.3463818
110-04787,8.4177865,10.0230649,5.8311513,8.3405821
110-04788,8.5948079,10.0652547,5.9459578,8.5972126
110-04789,16.2144601,15.9218386,11.0929632,14.7298121
110-04790,16.2332652,15.905023,11.0566945,14.7172286
110-04791,6.5918207,8.3993693,4.7970054,6.829078
110-04792,6.587984,8.4116824,4.796467,6.8479682
110-04793,6.5814216,8.4058664,4.7968916,6.8436815
110-04794,6.5872501,8.4130941,4.7960993,6.8482353
110-04795,6.5575778,8.4245762,4.7899973,6.8261685
110-04797,10.6010581,10.6609673,5.7276163,9.2124018
110-04798,10.5910153,10.6589905,5.7350851,9.211398
110-04799,10.5905112,10.6779503,5.7624172,9.22851
110-04800,10.5905112,10.6779503,5.7624172,9.22851
110-04801,10.2707401,10.6215267,5.775298,8.9773951
110-04802,10.2558688,10.6185948,5.7844545,8.9753542
110-04803,10.2374921,10.6428891,5.7926089,8.9837759
110-04804,10.2425824,10.6597203,5.800918,8.9949292
110-04805,10.2427638,10.6597203,5.800918,8.9949746
110-04806,10.2430419,10.6595361,5.8007313,8.9949055
110-04807,10.2314831,10.6395458,5.7935008,8.9811249
110-04808,10.2368405,10.6547716,5.8038231,8.9923039
110-04809,10.2617044,10.6253677,5.7828207,9.052903
110-04810,10.2742294,10.6337428,5.7854436,9.0606283
110-04811,10.2760112,10.5725229,5.7675632,8.8614736
110-04812,10.2969531,10.5896837,5.7794669,8.8777682
110-04813,10.3006049,10.588844,5.7840961,8.8798937
110-04814,10.5982265,11.105752,5.6558156,9.1230785
110-04815,10.6131802,11.1038502,5.6627451,9.1283176
110-04816,10.6028379,11.102827,5.6625013,9.125277
110-04817,10.5873079,11.1184132,5.6072999,9.0901936
110-04818,10.7044167,11.278866,5.8147964,9.5228774
110-04819,6.5936825,8.3901816,4.7966454,6.82565
110-04820,6.5973186,8.3920994,4.7972127,6.827671
110-04822,4.2648323,4.551589,2.7986446,3.9960696
110-04823,4.2648323,4.551589,2.7986446,3.9960696
110-04824,4.4545594,4.512724,2.8037827,3.9784989
110-04826,18.8370165,16.4043102,8.4106099,14.0143257
110-04827,18.8402238,16.4187914,8.419518,14.0244209
110-04846,2.9966594,3.2032511,1.2520643,2.4222733
110-04847,3.0162819,3.2161122,1.2449866,2.4100932
110-04848,3.0162819,3.2161122,1.2449866,2.4100932
110-04849,3.0528155,3.2409805,1.2558597,2.5114947
110-04850,3.0528155,3.2409805,1.2558597,2.5114947
110-04851,3.0504456,3.2427823,1.2561593,2.5115799
110-04854,10.718428,11.4414788,4.6550044,9.2384169
110-04855,10.5318604,11.3373193,4.6853059,9.1490139
110-04858,3.9677763,4.4393676,1.9100436,3.5847862
110-04859,3.9301928,4.4135787,1.9641558,3.496565
110-04860,3.9301928,4.4135787,1.9641558,3.496565
110-04861,3.9301928,4.4135787,1.9641558,3.496565
110-04862,4.0569239,4.5665355,1.9828942,3.7192147
110-04863,4.0996684,4.8153677,2.772301,3.9928089
110-04864,4.1063912,4.8140929,2.758944,4.0219441
110-04865,4.1063912,4.8140929,2.758944,4.0219441
110-04866,4.1132052,4.8866163,2.750569,4.1053352
110-04867,4.1381096,4.7817944,2.7808204,4.0251196
110-04868,4.1672442,4.8354575,2.7634468,4.0830469
110-04869,4.1672442,4.8354575,2.7634468,4.0830469
110-04870,4.06165,4.7221523,2.7499416,3.9876303
110-04871,4.0550137,4.7589078,2.7446441,3.9964369
110-04872,4.4680309,5.1067869,2.2705203,4.1268008
110-04873,4.4275126,5.0788887,2.2702759,4.0942641
110-04874,4.4272327,5.0790417,2.2702759,4.0942292
110-04875,4.4313952,5.1272669,2.2723726,4.1281774
110-04876,4.4313952,5.1272669,2.2723726,4.1281774
110-04877,4.4313952,5.1272669,2.2723726,4.1281774
110-04878,4.5152001,5.2396051,2.2752361,4.2494421
110-04879,4.4526644,5.0377398,2.267853,4.0933475
110-04880,4.5171116,5.1172225,2.2813375,4.2065514
110-04881,4.5057978,5.1046449,2.2786255,4.1689948
110-04882,4.5057978,5.1046449,2.2786255,4.1689948
110-04883,4.3918466,5.1371373,2.2719215,4.1220549
110-04884,4.4246885,5.1017639,2.2641793,4.0624841
110-04885,4.4601309,5.1040607,2.2644893,4.0681398
110-04886,4.5686268,5.1142727,2.268784,4.0915984
110-04887,4.399006,5.0571601,2.264938,4.0436298
110-04888,4.4657665,5.0598741,2.2639811,4.0492378
110-04889,12.8393109,12.3792586,6.4918062,10.809057
110-04890,12.8847204,12.4956449,6.5640388,11.1847946
110-04891,12.9127261,12.5752567,6.5668936,11.1388006
110-04892,12.8795617,12.450909,6.4052972,10.956319
110-04893,12.8935099,12.542866,6.3907047,11.0344669
110-04894,12.9703309,12.6526658,6.3852962,11.1331475
110-04895,12.8604422,12.4657762,6.3826273,10.9407469
110-04896,12.910229,12.4813101,6.353235,10.9367714
110-04897,12.9955936,12.4657643,6.3421171,10.8678903
110-04898,13.0032446,12.4401905,6.329911,10.8553887
110-04899,15.6841981,11.3654017,5.6010227,10.6964664
110-04900,15.6801878,11.3427297,5.6133732,10.618059
110-04901,15.6829344,11.3440986,5.6163089,10.6078799
110-04902,15.6981766,11.1359949,5.6107087,10.1291815
110-04903,6.8143702,5.8674037,1.8947481,4.622177
110-04904,6.8009487,5.8705012,1.9029392,4.6534958
110-04905,6.7628562,5.9178149,1.9082029,4.7342843
110-04906,6.7598551,5.9241166,1.9106755,4.737069
110-04907,6.7891606,5.9068795,1.9139928,4.7352687
110-04910,8.5464974,7.5443385,2.4639103,5.8198176
110-04911,8.5243084,7.3528384,2.4657963,5.5321436
110-04912,8.5250618,7.3786186,2.4776851,5.6454481
110-04913,8.5071893,7.4163581,2.4614277,5.5989746
110-04914,8.6427004,7.6476229,2.4085269,5.8748812
110-04925,16.6974023,15.3034941,12.1130911,14.6504964
110-04926,16.6618092,15.361851,12.214985,14.6699826
110-04943,2.7496318,4.6065382,2.0206878,3.2646306
110-04944,2.761197,4.6050993,2.0282547,3.2732392
110-04945,2.7564707,4.6032499,2.0279412,3.2710241
110-04946,2.7564707,4.6032499,2.0279412,3.2710241
110-04947,2.7160621,4.6186913,2.0080295,3.2233885
110-04948,2.7077415,4.6191521,2.0036396,3.2158202
110-04949,2.6927401,4.6155488,1.999444,3.1913491
110-04950,2.6867507,4.6399862,1.9834779,3.1693688
110-04951,2.6760215,4.6139282,1.9851926,3.1513482
110-04953,13.1035717,11.7730495,5.9203217,9.997603
110-04954,6.8992292,8.8743252,3.4935086,6.4833493
110-04955,6.898583,8.8856418,3.4981258,6.4894346
110-04956,6.7054471,8.8615321,3.4736347,6.2725966
110-04957,6.7886425,8.8408104,3.480053,6.2454809
110-04958,6.7966803,8.894438,3.4751563,6.3981687
110-05007,23.7976338,24.260729,21.8473415,23.4763856
110-05008,23.7976338,24.260729,21.8473415,23.4763856
110-05009,19.1086978,20.9267612,17.3493634,19.4159321
110-05010,16.7847239,19.4138575,15.7339078,17.6261955
110-05011,16.7785881,19.4068613,15.6731301,17.6051605
110-05012,17.2987762,19.5571522,15.9578067,17.9640167
110-05017,16.9916033,19.3576521,15.6836219,17.5548881
110-05018,16.9183969,19.383661,15.6887031,17.5358989
110-05019,16.8451032,19.4206793,15.8113868,17.5928999
110-05020,16.7789608,19.4377415,15.6215098,17.4769676
110-05021,16.6110696,19.4047579,15.5352789,17.3587193
110-05022,16.6110696,19.4047579,15.5352789,17.3587193
110-05353,32.4282036,27.7829096,30.8546195,29.799586
110-05354,32.5359536,27.8045072,30.8619854,29.8765232
110-05355,32.5334197,27.7634887,30.8831545,29.8572899
110-05356,22.4727444,23.372926,22.9433185,23.02972
110-05357,22.5490252,23.3730378,22.9061999,23.0422123
110-05358,22.5306233,23.3593065,22.9522082,23.0448971
110-05359,22.4649762,23.358002,22.9839828,23.0347281
110-05360,22.4392258,23.3606645,23.0328633,23.0403069
110-05361,22.3970753,23.3535989,22.9274851,22.9865846
110-05362,22.3931315,23.3325889,22.8993629,22.968107
110-05363,22.4799893,23.3232679,22.7976284,22.9628919
110-05364,22.6105777,23.3159585,22.9195363,23.0437103
110-05365,22.6185484,23.3100461,22.9369827,23.0476446
110-05366,22.6075986,23.3036731,22.9508289,23.0462399
110-05367,22.5779644,23.3157784,22.8878576,23.0240387
110-05368,19.9895394,22.7092451,20.1432545,21.367487
110-05369,19.9675197,22.6805659,20.0941505,21.3045551
110-05370,19.9522872,22.6790158,20.161857,21.3215312
110-05371,19.9783097,22.6404488,20.1365494,21.2958014
110-05372,19.9407721,22.6530441,20.1807726,21.2904872
110-05373,19.9171013,22.7627771,20.2350882,21.3084763
110-05374,19.8839613,22.7506424,20.1803808,21.2669612
110-05375,19.8999589,22.7587568,20.2366708,21.292406
110-05376,19.9385827,27.471138,25.7876278,24.7137718
110-05377,20.0774487,27.4777332,25.8570427,24.8952688
110-05379,16.2189106,15.8938823,11.0372612,14.703066
110-05380,16.2211688,15.8627923,11.0058331,14.6806345
110-05381,16.2545243,15.8579521,10.9999842,14.6855481
110-05382,16.8104657,15.2367783,12.0377513,14.7751848
110-05383,16.7837343,15.2573204,11.9860563,14.7095856
110-05389,16.7654688,15.2756961,12.0344313,14.6309784
110-05390,16.7647349,15.2755366,12.0342278,14.6306721
110-05391,24.3547445,24.4204986,22.2459021,23.7343463
110-05392,24.3142403,24.3653376,22.2030604,23.686002
110-05393,24.342869,24.4014133,22.20953,23.6953811
110-05394,24.3614762,24.3736319,22.22085,23.6894019
110-05395,24.3606452,24.3733484,22.2200475,23.6888428
110-05396,24.2321775,24.364872,21.9828859,23.562959
110-05397,24.1268628,24.3679736,21.97894,23.5388933
110-05398,24.2050109,24.4068442,22.0982052,23.6402728
110-05399,24.0465324,24.4958237,21.8154718,23.4843345
110-05400,23.9612368,24.4948148,21.8150734,23.464434
110-05401,23.9605167,24.494335,21.8147437,23.4639507
110-05402,23.9605167,24.494335,21.8147437,23.4639507
110-05403,23.7976338,24.260729,21.8473415,23.4763856
110-05404,23.7976338,24.260729,21.8473415,23.4763856
110-05405,17.426226,19.4968223,15.8957055,17.9470251
110-05406,37.499742,28.8950628,29.7436582,30.9491054
110-05407,37.5620877,28.8623365,29.6761218,30.9259433
110-05408,37.5113302,28.8298633,29.6558407,30.8932643
110-05409,37.436201,28.8208889,29.665017,30.7908585
110-05410,37.4429103,28.8292765,29.5832437,30.9130149
110-05411,37.4427947,28.8170418,29.641748,30.8161786
110-05412,32.2807948,27.6843074,30.7122338,29.5430133
110-05414,23.872232,18.330311,16.3791265,18.9765665
110-05415,23.904681,18.326088,16.3747401,18.9997725
110-05416,23.9383531,18.3384696,16.3802191,19.0257287
110-05417,24.1469853,18.3790109,16.4573915,19.1710482
110-05418,24.1469853,18.3790109,16.4573915,19.1710482
110-05419,24.1235762,18.3800193,16.4436305,19.1580187
110-05420,24.074387,18.3851545,16.4121304,19.151613
110-05421,24.1327223,18.4528641,16.477497,19.2360277
110-05422,24.1301878,18.3995973,16.4411487,19.191788
110-05423,10.5600893,10.6973329,5.7553815,9.3239314
110-05424,10.6037503,10.6639381,5.7281564,9.214604
110-05426,24.1993051,18.7114376,13.0562372,18.1819875
110-05427,24.1993051,18.7114376,13.0562372,18.1819875
110-05428,24.2393933,18.7324755,13.0667404,18.267943
110-05429,24.218351,18.7495734,13.0745018,18.274108
110-05430,24.2236192,18.7292232,13.0413829,18.255555
110-05431,24.2123269,18.7388352,13.0484855,18.2644693
110-05432,24.2090233,18.727026,13.0262335,18.2514584
110-05433,24.2255556,18.747016,13.0492974,18.2715968
110-05434,24.2105511,18.7499157,13.062144,18.2735321
110-05435,24.1553025,18.6808458,13.0309103,18.0440019
110-05436,24.18109,18.713625,13.0658382,18.075981
110-05437,24.1684196,18.7189935,13.0914234,18.0839573
110-05438,24.1661672,18.7823916,13.1751783,18.1398992
110-05439,18.7311362,16.5243089,8.3979496,14.1293258
110-05440,18.7231636,16.5528253,8.4238038,14.1491266
110-05442,2.7198689,4.6224091,2.0117876,3.2607646
110-05443,2.7228283,4.6161549,2.0064789,3.2552342
110-05444,2.7837929,4.6038103,2.0050098,3.3023967
110-05445,16.7844304,13.8004961,8.2922254,12.8531389
110-05446,16.7989007,13.7623905,8.2870854,12.7361474
110-05447,16.8093033,13.7296216,8.3019363,12.5942668
110-05448,16.774591,13.6727241,8.3133629,12.4570592
110-05449,16.7814982,13.6972966,8.3857515,12.494561
110-05450,16.7921841,13.5333117,8.3479786,12.0978249
110-05451,16.7696891,13.5590802,8.3331098,12.099151
110-05452,16.6224756,13.7566785,8.3138692,12.6902782
110-05453,16.6130083,13.8133798,8.335825,12.7839044
110-05454,12.216051,13.1796779,9.6835746,11.9856416
110-05455,12.1810061,13.224472,9.6833005,11.9711155
110-05456,12.1870507,13.1856476,9.6374618,11.9480565
110-05457,12.1934849,13.176715,9.6523494,11.9508002
110-05458,12.2474995,13.0327908,9.6967133,11.8672105
110-05459,12.3910695,13.0808876,9.7030182,11.9134692
110-05460,12.3003967,13.0634436,9.6871861,11.8993974
110-05462,19.2905716,19.7400601,17.3808288,18.9244951
110-05463,19.3126505,19.7342032,17.4183837,18.9374648
110-05464,19.2675671,19.7403603,17.391064,18.8986283
110-05465,19.2072421,19.7575625,17.408198,18.9155322
110-05466,18.9538487,19.1569843,16.4877459,18.3051791
110-05467,18.9580834,19.1599103,16.4640414,18.3003929
110-05468,18.9526936,19.1240522,16.418697,18.2849812
110-05469,18.9695465,19.1204355,16.4934104,18.3010975
110-05470,18.9518189,19.1068767,16.5584765,18.3211802
110-05471,18.9335538,19.081818,16.5209018,18.294059
110-05472,18.9108185,19.0986179,16.4434626,18.2673661
110-05473,18.9082234,19.0904641,16.4535305,18.2709302
110-05474,18.9338067,19.1027141,16.4530833,18.2828605
110-05475,18.9922023,19.1117015,16.5069331,18.2726269
110-05476,19.2036179,19.1135672,16.5000633,18.3632349
110-05477,19.3092081,19.0060315,16.4402206,18.2337197
110-05478,19.3106721,19.0056903,16.440832,18.2340483
110-05479,19.342749,19.0212032,16.5363571,18.2988255
110-05480,19.1825837,19.0348166,16.5100456,18.285253
110-05481,19.2411663,19.0783133,16.6478697,18.3924988
110-05482,19.2336386,19.0605738,16.6131964,18.3720151
110-05483,19.2536513,19.0684517,16.6689221,18.3836403
110-05484,19.2435341,19.0992369,16.587473,18.380837
110-05485,24.3771538,24.3498974,22.1707631,23.6851418
110-05486,24.2805758,24.4275402,22.1686298,23.7430654
110-05487,24.2803612,24.4278838,22.1685408,23.743159
110-05489,29.0250002,24.8107584,26.1930064,26.1353183
110-05490,29.0064444,24.8202313,26.2314112,26.1084893
110-05491,28.9905764,24.8135507,26.2355905,26.1030741
110-05492,28.9999742,24.8188718,26.2397817,26.0891009
110-05494,32.2136717,27.6510798,30.6500599,29.5082173
110-05495,32.1311498,27.6396244,30.6086757,29.4725186
110-05496,32.1116526,27.6324612,30.6209479,29.460439
110-05497,32.0453076,27.631157,30.6776329,29.4509132
110-05498,32.0079166,27.6323686,30.717654,29.4681442
110-05499,32.2983524,27.6677456,30.7983976,29.6090736
110-05500,32.2736384,27.7902487,30.8316122,29.7481174
110-05502,19.2354509,19.0837553,14.8625978,18.1125503
110-05503,19.598051,18.9285118,14.8912608,17.9918443
110-05504,19.7035005,18.934541,14.9134669,18.0113608
110-05506,28.9594858,22.8890681,28.1427763,25.8048828
110-05507,28.8700921,22.8629268,28.0849958,25.7554381
110-05508,28.8700921,22.8629268,28.0849958,25.7554381
110-05509,28.8699582,22.8633734,28.0832625,25.7550919
110-05510,28.9537634,23.0723437,28.5306703,25.9253625
110-05511,28.9051908,23.0810414,28.5141341,25.9134217
110-05512,28.9227337,23.0889141,28.4902209,25.9101326
110-05513,28.9053889,23.0729572,28.4782198,25.868778
110-05514,28.9194298,23.0813766,28.47441,25.9105068
110-05516,44.9820885,30.6107607,31.0074976,33.4543235
110-05517,45.0954323,30.7224133,31.1612473,33.5789651
110-05518,45.1125772,30.686031,31.1580185,33.7290887
110-05519,45.1605533,30.6807062,31.1201289,33.6614826
110-05520,45.2150886,30.6575754,31.1244112,33.7227795
110-05521,45.0749762,30.5424273,31.1600894,33.6337799
110-05528,28.3370188,25.1242415,24.57459,25.6272745
110-05529,28.4133126,25.1331171,24.546258,25.6557438
110-05530,28.3496889,25.1259312,24.538417,25.6199981
110-05531,28.307587,25.1264518,24.5879829,25.5743923
110-05532,28.2192313,25.1273057,24.6403171,25.5778466
110-05533,28.7023174,25.1286478,24.645902,25.8089324
110-05534,28.848469,25.1144014,24.5938429,25.9212475
110-05535,28.767654,25.1112938,24.6117181,25.9176351
110-05536,28.6542405,25.1152497,24.5981162,25.7883851
110-05537,28.4716745,25.1184189,24.5662315,25.6813911
110-05538,28.8422396,25.106483,24.5567261,25.8148064
110-05539,28.7634049,25.1222367,24.5443296,25.7715671
110-05540,28.7429641,25.0901991,24.4139993,25.7237971
110-05541,29.0090516,25.0919874,24.4394961,26.0039531
110-09219,19.1817749,19.6643922,17.3143945,18.778444
110-10918,13.1824571,11.7780684,5.9092849,10.0548701
110-10919,13.1473436,11.7852285,5.9057812,10.0105894
110-10920,13.1369507,11.7896513,5.9123007,10.0122516
110-10921,13.1035717,11.7730495,5.9203217,9.997603
110-15859,13.2088746,11.8554398,5.8668325,10.3780107
110-16029,25.07415,23.6180846,18.92152,22.6407025
110-16072,4.0569239,4.5665355,1.9828942,3.7192147
110N04121,2.4706269,2.4706269,2.4706269,2.4706269
110N04122,2.4774898,2.4774898,2.4774898,2.4774898
110N04123,2.4730274,2.4730274,2.4730274,2.4730274
110N04124,2.4724973,2.4724973,2.4724973,2.4724973
110N04125,2.4724973,2.4724973,2.4724973,2.4724973
110N04126,2.4709543,2.4709543,2.4709543,2.4709543
110N04127,2.4712782,2.4712782,2.4712782,2.4712782
110N04128,2.4758969,2.4758969,2.4758969,2.4758969
110N04129,2.4758969,2.4758969,2.4758969,2.4758969
110N04143,11.9449581,10.8993476,6.9996599,9.9908075
110N04144,11.9860253,10.8718415,7.0145619,9.9495334
110N04145,11.9860253,10.8718415,7.0145619,9.9495334
110N04146,8.6651327,9.4722896,5.3930858,8.1196435
110N04147,8.6130316,9.3964699,5.3772284,8.0070961
110N04148,8.6222061,9.3724206,5.3733947,7.9983345
110N04149,8.6863748,9.1331648,5.3289952,7.6498282
110N04150,8.6863748,9.1331648,5.3289952,7.6498282
110N04151,8.6863748,9.1331648,5.3289952,7.6498282
110N04152,8.6824403,9.3357455,5.3652047,7.9319581
110N04153,8.7307163,9.2296195,5.3810041,7.8727737
110N04154,8.7833473,9.2214751,5.3570454,7.8731864
110N04155,8.83168,9.4117849,5.3352107,7.972713
110N04156,8.8094188,9.0353081,5.2835643,7.7318488
110N04163,1.9305772,1.1128172,0.9761189,1.3124684
110N04164,1.9343199,1.096721,0.9750078,1.3233545
110N04165,1.9343199,1.096721,0.9750078,1.3233545
110N04166,1.9266095,1.0928144,0.9708548,1.3152859
110N04167,1.9350073,1.0753243,0.9623848,1.3117927
110N04168,1.9350073,1.0753243,0.9623848,1.3117927
110N04169,1.9389089,1.1091749,0.9639063,1.2939845
110N04170,1.9389089,1.1091749,0.9639063,1.2939845
110N04171,1.9389089,1.1091749,0.9639063,1.2939845
110N04172,1.9389089,1.1091749,0.9639063,1.2939845
110N04173,1.9666864,1.1061307,0.9640102,1.2978358
110N04174,1.9666864,1.1061307,0.9640102,1.2978358
110N04175,1.9085734,1.0956149,0.9811688,1.2838189
110N04176,1.9536686,1.0913736,0.9680484,1.3448661
110N04177,1.9536686,1.0913736,0.9680484,1.3448661
110N04178,1.9474948,1.0898918,0.9677567,1.3577868
110N04179,1.9479861,1.0919866,0.9725906,1.3568322
110N04180,1.9326367,1.0603569,0.9656302,1.3450496
110N04181,1.9326367,1.0603569,0.9656302,1.3450496
110N04182,1.941531,1.0727146,0.9608037,1.3608545
110N04183,1.9810325,1.0703157,0.9952707,1.4019186
110N04184,8.2667794,11.9415993,8.2016611,9.648975
110N04185,8.1790099,11.8877775,8.2316715,9.6473457
110N04186,8.0353142,11.895635,8.2473468,9.5364574
110N04187,8.0353142,11.895635,8.2473468,9.5364574
110N04188,8.125208,11.8682793,8.2495003,9.6059734
110N04189,7.8681929,11.774591,8.1756446,9.3968314
110N04190,7.9843051,11.7491544,8.1456783,9.4900775
110N04191,7.9479851,11.7620803,8.1813292,9.5075413
110N04192,7.9455203,11.7692527,8.1967639,9.5131267
110N04193,19.2017383,19.1083769,14.8669567,18.1357851
110N04603,5.3899482,6.1349139,2.7965862,4.9161176
110N04604,5.392098,6.0658118,2.7934149,4.8188567
110N04605,5.3957522,6.0481424,2.8000657,4.7510369
110N04606,5.4068225,6.1493361,2.806296,4.8844761
110N04607,5.3876389,6.1508757,2.8022844,4.8623575
110N04608,5.384802,6.1219219,2.8074259,4.8407271
110N04609,5.39258,6.1351274,2.7978166,4.8483347
110N04610,5.3940875,6.2704058,2.8044827,5.0445054
110N04611,5.3707974,6.1639915,2.7897124,4.9546508
110N04612,5.3707974,6.1639915,2.7897124,4.9546508
110N04613,5.3775831,6.1568616,2.7879558,4.9283669
110N04645,7.2715036,8.6853663,6.6390491,7.6260683
110N04646,7.2715036,8.6851788,6.6390491,7.6259986
110N04647,7.2712773,8.685316,6.6390491,7.6259684
110N04648,7.2715036,8.685316,6.6390491,7.6260496
110N04670,2.4720923,2.4720923,2.4720923,2.4720923
110N04681,19.8999589,22.7587568,20.2366708,21.292406
110N04682,19.8411233,22.7914036,20.2220655,21.2813006
110N04683,19.6904186,22.8396577,20.1958481,21.2178119
110N04684,19.6799247,22.8525042,20.1574873,21.2099419
110N04686,12.377316,9.4666751,4.1565614,7.9967994
110N04687,12.3775861,9.4665442,4.1565614,7.996793
110N04688,12.3608984,9.5179133,4.1462345,8.1733629
110N04689,12.4036316,9.4775164,4.1735148,8.0517732
110N04691,12.3528486,9.5953631,4.1093933,8.1896626
110N04692,12.3528486,9.5953631,4.1093933,8.1896626
110N04693,12.1973491,9.7306292,4.0727253,8.7020506
110N04694,12.2818896,9.980866,3.9145643,8.809175
110N04698,12.2482918,9.9494941,4.0282093,9.3043718
110N04699,12.2482918,9.9494941,4.0282093,9.3043718
110N04700,12.249442,9.9356979,4.0254416,9.19567
110N04701,2.4564883,3.5919503,1.6886569,2.6361698
110N04702,2.49515,3.5914665,1.6865614,2.7012409
110N04703,2.4908788,3.593939,1.6811368,2.7035535
110N04704,2.4979924,3.5912066,1.6855523,2.7154231
110N04705,2.5217938,3.5858548,1.694218,2.7049523
110N04706,2.5206141,3.5630331,1.7012891,2.7085141
110N04707,2.5364226,3.5585844,1.7150223,2.7230695
110N04708,2.5936221,3.579222,1.705483,2.7477637
110N04709,2.5658956,3.592229,1.6988783,2.7375504
110N04710,2.6117716,3.5958299,1.6970078,2.7653608
110N04728,8.4617781,9.0607152,3.4222674,7.1978637
110N04729,8.277768,9.2537315,3.421547,7.378241
110N04730,8.4368168,9.2122964,3.4194288,7.3017824
110N04731,8.4263222,8.9766815,3.4135584,7.1001851
110N04732,8.4927074,8.9444953,3.4112691,7.0935112
110N04733,8.6850346,8.9047482,3.4134333,7.0419131
110N04734,8.617954,8.7070779,3.409524,6.8845316
110N04735,8.4006077,8.7000597,3.4053331,6.8869607
110N04736,8.4178727,8.6575515,3.3949323,6.7409498
110N04737,8.402842,9.1451643,3.4284355,7.2387503
110N04738,8.402842,9.1451643,3.4284355,7.2387503
110N04739,8.402842,9.1451643,3.4284355,7.2387503
110N04740,7.9463108,9.2191897,3.4219211,7.2320742
110N04741,7.9463108,9.2191897,3.4219211,7.2320742
110N04742,7.947415,9.2714378,3.4241564,7.2464289
110N04743,7.9608571,9.2887452,3.4268197,7.2720959
110N04770,24.1335596,23.4822265,18.6997308,22.1439313
110N04771,24.4840588,23.595647,18.9098979,22.3579595
110N04772,25.1303705,23.5853641,18.9065972,22.639728
110N04773,13.1966414,11.8206995,5.8509119,10.4149011
110N04774,13.186764,11.82815,5.8283087,10.3573426
110N04775,13.186764,11.82815,5.8283087,10.3573426
110N04776,13.2236251,11.790179,5.9165278,10.2335623
110N04784,6.543528,8.4065291,4.7788334,6.8112925
110N04785,6.543528,8.4065291,4.7788334,6.8112925
110N04786,8.4228942,10.032832,5.8529131,8.3523
110N04787,8.4191134,10.029256,5.8412805,8.3463818
110N04788,8.4177865,10.0230649,5.8311513,8.3405821
110N04789,8.5948079,10.0652547,5.9459578,8.5972126
110N04790,16.2144601,15.9218386,11.0929632,14.7298121
110N04791,6.5916137,8.3993693,4.7970054,6.8290182
110N04792,6.5854782,8.4096119,4.7966328,6.8463953
110N04793,6.587984,8.4116824,4.796467,6.8479682
110N04794,6.5872501,8.4130941,4.7960993,6.8482353
110N04795,6.5872501,8.4130941,4.7960993,6.8482353
110N04798,10.6010581,10.6609673,5.7276163,9.2124018
110N04799,10.5910153,10.6589905,5.7350851,9.211398
110N04800,10.5905112,10.6779503,5.7624172,9.22851
110N04801,10.2752969,10.5959732,5.7452877,8.9579535
110N04803,10.2558688,10.6185948,5.7844545,8.9753542
110N04804,10.2374391,10.6428891,5.7926089,8.9837626
110N04805,10.2425824,10.6597203,5.800918,8.9949292
110N04806,10.2427638,10.6597203,5.800918,8.9949746
110N04807,10.2314831,10.6395458,5.7935008,8.9811249
110N04808,10.2314831,10.6395458,5.7935008,8.9811249
110N04809,10.2657428,10.6374663,5.7918175,9.0619135
110N04810,10.2617044,10.6253677,5.7828207,9.052903
110N04811,10.2859885,10.5666995,5.7645123,8.8604668
110N04812,10.2969531,10.5896562,5.7794669,8.8777568
110N04813,10.3006049,10.588844,5.7840961,8.8798937
110N04814,10.6043082,11.0999622,5.6550698,9.1219171
110N04815,10.6131802,11.1038502,5.6627451,9.1283176
110N04816,10.6131802,11.1038502,5.6627451,9.1283176
110N04817,10.5872647,11.1184132,5.6074454,9.0902322
110N04818,10.5880337,11.1332875,5.6152158,9.0989909
110N04819,10.7044167,11.278866,5.8147964,9.5228774
110N04820,6.5936825,8.3901816,4.7966454,6.82565
110N04821,6.5973186,8.3920994,4.7972127,6.827671
110N04823,4.2648323,4.551589,2.7986446,3.9960696
110N04824,4.2648323,4.551589,2.7986446,3.9960696
110N04827,18.8399499,16.4190692,8.4198073,14.0245872
110N04828,18.8302303,16.4101466,8.4003295,14.0116681
110N04847,3.0144942,3.2042463,1.2475663,2.4258722
110N04848,3.0162819,3.2161122,1.2449866,2.4100932
110N04849,3.0267073,3.2173725,1.2476846,2.4143557
110N04850,3.0528155,3.2409805,1.2558597,2.5114947
110N04851,3.0528155,3.2409805,1.2558597,2.5114947
110N04852,3.0504456,3.2427823,1.2564763,2.5116877
110N04855,10.718428,11.4414788,4.6550044,9.2384169
110N04856,10.5318604,11.3373193,4.6853059,9.1490139
110N04858,10.645769,11.2437078,4.6704361,9.0300685
110N04859,3.9301928,4.4135787,1.9641558,3.496565
110N04860,3.9301928,4.4135787,1.9641558,3.496565
110N04861,3.9301928,4.4135787,1.9641558,3.496565
110N04862,4.035445,4.388556,1.9794641,3.5816302
110N04863,4.0569239,4.5665355,1.9828942,3.7192147
110N04864,4.0966344,4.8061394,2.770731,3.9877511
110N04865,4.1063912,4.8140929,2.758944,4.0219441
110N04866,4.1063912,4.8140929,2.758944,4.0219441
110N04867,4.1132052,4.8866163,2.750569,4.1053352
110N04868,4.1381096,4.7817944,2.7808204,4.0251196
110N04869,4.1672442,4.8354575,2.7634468,4.0830469
110N04870,4.1672442,4.8354575,2.7634468,4.0830469
110N04871,4.0550137,4.7589078,2.7446441,3.9964369
110N04872,4.0460765,4.8264277,2.7334044,3.999772
110N04873,4.4680309,5.1067869,2.2705203,4.1268008
110N04874,4.4275126,5.0788887,2.2702759,4.0942641
110N04875,4.4313952,5.1272669,2.2723726,4.1281774
110N04876,4.4313952,5.1272669,2.2723726,4.1281774
110N04877,4.4313952,5.1272669,2.2723726,4.1281774
110N04878,4.4313952,5.1272669,2.2723726,4.1281774
110N04879,4.4526644,5.0377398,2.267853,4.0933475
110N04880,4.4526644,5.0377398,2.267853,4.0933475
110N04881,4.5171116,5.1172225,2.2813375,4.2065514
110N04883,4.5057978,5.1046449,2.2786255,4.1689948
110N04884,4.3976256,5.1209257,2.2687959,4.116255
110N04885,4.4601309,5.1040607,2.2644893,4.0681398
110N04886,4.4601309,5.1040607,2.2644893,4.0681398
110N04887,4.5686268,5.1142727,2.268784,4.0915984
110N04888,4.399006,5.0571601,2.264938,4.0436298
110N04889,4.4657665,5.0598741,2.2639811,4.0492378
110N04890,12.8393109,12.3792586,6.4918062,10.809057
110N04891,12.9127261,12.5752567,6.5668936,11.1388006
110N04892,12.9087416,12.5083576,6.4407155,11.0754614
110N04893,12.8795617,12.450909,6.4052972,10.956319
110N04894,12.8935099,12.542866,6.3907047,11.0344669
110N04895,12.8604422,12.4657762,6.3826273,10.9407469
110N04896,12.8604296,12.4476853,6.362504,10.9275946
110N04897,12.910229,12.4813101,6.353235,10.9367714
110N04898,13.003198,12.4401867,6.3300974,10.8554272
110N04899,15.6776161,11.4277352,5.6185332,10.9564923
110N04900,15.6855945,11.3676008,5.618917,10.703261
110N04901,15.6801878,11.3427297,5.6133732,10.618059
110N04902,15.6831379,11.3440986,5.6163089,10.6079295
110N04903,6.8143702,5.8674037,1.8947481,4.622177
110N04904,6.8145971,5.8756493,1.8974185,4.6265865
110N04905,6.8009487,5.8705012,1.9029392,4.6534958
110N04906,6.7628562,5.9178149,1.9082029,4.7342843
110N04907,6.7598551,5.9241166,1.9106755,4.737069
110N04910,8.5464974,7.5443385,2.4639103,5.8198176
110N04911,8.5243084,7.3528384,2.4654528,5.5320004
110N04912,8.5250618,7.3786186,2.4780441,5.645591
110N04913,8.5071893,7.4164978,2.4614277,5.5990306
110N04914,8.6427004,7.6476229,2.4085269,5.8748812
110N04915,8.6427004,7.6476229,2.4085269,5.8748812
110N04925,16.6974023,15.3034941,12.1130911,14.6504964
110N04926,16.6615358,15.361851,12.2151933,14.6699864
110N04944,2.7818375,4.6034812,2.0259661,3.2896481
110N04945,2.7564707,4.6032499,2.0279412,3.2710241
110N04946,2.7564707,4.6032499,2.0279412,3.2710241
110N04947,2.7564707,4.6032499,2.0279412,3.2710241
110N04948,2.7160621,4.6186913,2.0080295,3.2233885
110N04949,2.7077415,4.6191521,2.0036396,3.2158202
110N04950,2.6919388,4.6122798,1.9945722,3.1883833
110N04951,2.6729739,4.6174082,1.9879256,3.1522919
110N04954,6.8992292,8.8743252,3.4935086,6.4833493
110N04955,6.8992292,8.8743252,3.4935086,6.4833493
110N04956,6.898583,8.8856418,3.4981258,6.4894346
110N04957,6.7054471,8.8615321,3.4736347,6.2725966
110N04958,6.7886425,8.8408104,3.480053,6.2454809
110N05007,23.7976338,24.260729,21.8473415,23.4763856
110N05008,23.7976338,24.260729,21.8473415,23.4763856
110N05009,19.1085419,20.9267513,17.3493634,19.4158799
110N05010,19.1086978,20.9267612,17.3493634,19.4159321
110N05011,16.7845503,19.41356,15.7340805,17.6260612
110N05012,16.7785881,19.4068613,15.6731301,17.6051605
110N05017,16.9916033,19.3576521,15.6836219,17.5548881
110N05018,16.9183969,19.383661,15.6887031,17.5358989
110N05019,16.8451032,19.4206793,15.8113868,17.5928999
110N05020,16.7789608,19.4377415,15.6215098,17.4769676
110N05021,16.6110696,19.4047579,15.5352789,17.3587193
110N05022,16.6110696,19.4047579,15.5352789,17.3587193
110N05353,32.4282036,27.7829096,30.8546195,29.799586
110N05354,32.539237,27.7828027,30.8610293,29.8671142
110N05355,32.5095336,27.7645705,30.8816655,29.8574646
110N05356,22.4377623,23.3867313,22.9268953,23.0194039
110N05357,22.5181716,23.3759222,22.9404202,23.0408917
110N05358,22.5382221,23.3566143,22.8950057,23.0286747
110N05359,22.4647827,23.3581862,22.9838593,23.0347313
110N05360,22.4337098,23.3538891,22.9567268,23.0172925
110N05361,22.4392258,23.3606645,23.0328633,23.0403069
110N05362,22.3970753,23.3535989,22.9274851,22.9865846
110N05363,22.3931315,23.3325889,22.8993629,22.968107
110N05364,22.5636344,23.3248857,22.7759014,22.9955747
110N05365,22.6181004,23.3100457,22.9373443,23.0476484
110N05366,22.605417,23.3080555,22.9511543,23.0478236
110N05367,22.5779644,23.3157784,22.8878576,23.0240387
110N05368,22.5770386,23.3138753,22.8900643,23.0235288
110N05369,19.9110468,22.688749,20.1015247,21.2994707
110N05370,19.9522872,22.6790158,20.161857,21.3215312
110N05371,19.9530946,22.6656235,20.1587285,21.314328
110N05372,19.9783097,22.6404488,20.1365494,21.2958014
110N05373,19.9407721,22.6530441,20.1807726,21.2904872
110N05374,19.9171013,22.7627771,20.2350882,21.3084763
110N05375,19.8997665,22.7591083,20.2366708,21.2925203
110N05376,19.9461559,27.4728192,25.8576983,24.7403201
110N05377,19.9456379,27.4807682,25.7908867,24.7209134
110N05379,16.2332652,15.905023,11.0566945,14.7172286
110N05380,16.2189106,15.8938823,11.0372612,14.703066
110N05381,16.2211688,15.8627923,11.0058331,14.6806345
110N05382,16.8017902,15.2520101,11.9072631,14.7796921
110N05383,16.7813224,15.2462773,12.1006735,14.7892964
110N05390,16.7654688,15.2756961,12.0344313,14.6309784
110N05391,24.3547445,24.4204986,22.2459021,23.7343463
110N05392,24.3547445,24.4204986,22.2459021,23.7343463
110N05393,24.3466896,24.3713793,22.1993058,23.6946857
110N05394,24.3614762,24.3736319,22.22085,23.6894019
110N05395,24.3614762,24.3736319,22.22085,23.6894019
110N05396,24.3767655,24.3896979,22.2136779,23.6979509
110N05397,24.2321775,24.364872,21.9828859,23.562959
110N05398,24.1268628,24.3679736,21.97894,23.5388933
110N05399,24.0463677,24.4950243,21.8148483,23.4837387
110N05400,24.0465324,24.4958237,21.8154718,23.4843345
110N05401,23.9605167,24.494335,21.8147437,23.4639507
110N05402,23.9605167,24.494335,21.8147437,23.4639507
110N05403,23.744863,24.3171713,21.8944963,23.496754
110N05404,23.7976338,24.260729,21.8473415,23.4763856
110N05405,17.2987762,19.5571522,15.9578067,17.9640167
110N05406,37.6702294,28.910009,29.7827854,31.2146634
110N05407,37.4981862,28.8947185,29.74434,30.9488123
110N05408,37.5620877,28.8623365,29.6761218,30.9259433
110N05409,37.5113302,28.8298633,29.6558407,30.8932643
110N05410,37.4700004,28.8381372,29.6017718,30.9286398
110N05412,32.262237,27.6862223,30.7405938,29.5323626
110N05415,23.872232,18.330311,16.3791265,18.9765665
110N05416,23.904681,18.326088,16.3747401,18.9997725
110N05417,24.0798703,18.3483684,16.4438473,19.0327196
110N05419,24.1371338,18.3749538,16.4582194,19.1626805
110N05420,24.0745859,18.3853396,16.4117702,19.1516532
110N05421,24.074387,18.3851545,16.4121304,19.151613
110N05422,24.1327223,18.4528641,16.477497,19.2360277
110N05423,10.5901039,10.6949647,5.7526598,9.32364
110N05424,10.5600893,10.6973329,5.7553815,9.3239314
110N05427,24.1993051,18.7114376,13.0562372,18.1819875
110N05428,24.1993051,18.7114376,13.0562372,18.1819875
110N05429,24.2188054,18.7487553,13.0735018,18.2735109
110N05430,24.218351,18.7495734,13.0745018,18.274108
110N05431,24.2390345,18.7364514,13.0486475,18.2645569
110N05432,24.2090233,18.727026,13.0262335,18.2514584
110N05433,24.2090233,18.727026,13.0262335,18.2514584
110N05434,24.2091678,18.751575,13.0629115,18.2742778
110N05435,24.1816676,18.7444003,13.0691898,18.2666356
110N05436,24.1553025,18.6808458,13.0309103,18.0440019
110N05437,24.1673351,18.7193426,13.0921279,18.0841152
110N05438,24.1662469,18.7824177,13.1751351,18.1399147
110N05439,18.7313773,16.5242481,8.3978768,14.1293251
110N05440,18.7226562,16.5529191,8.4239739,14.1491192
110N05443,2.7198689,4.6224091,2.0117876,3.2607646
110N05444,2.7326914,4.6141885,2.0058749,3.2577673
110N05445,16.7353155,13.8850497,8.3100247,13.1286181
110N05446,16.7884495,13.7995249,8.2934422,12.8541332
110N05447,16.8041011,13.7615518,8.3054441,12.7429173
110N05448,16.7998073,13.7436746,8.3350775,12.6095111
110N05449,16.774591,13.6727241,8.3133629,12.4570592
110N05450,16.7262042,13.6638369,8.3646199,12.3254474
110N05451,16.7695844,13.5588185,8.3331098,12.0990192
110N05452,16.6259431,13.7116507,8.3082547,12.580337
110N05453,16.6224756,13.7566785,8.3138692,12.6902782
110N05454,16.6128625,13.8132021,8.3356506,12.7837362
110N05455,12.216051,13.1796779,9.6835746,11.9856416
110N05456,12.1870507,13.1856476,9.6373087,11.9480198
110N05457,12.193169,13.176719,9.6523494,11.9506789
110N05458,12.2477005,13.032633,9.6961837,11.8670535
110N05459,12.2474995,13.0327908,9.6967133,11.8672105
110N05460,12.3904865,13.1045401,9.7266604,11.9303608
110N05461,12.2279061,13.0870632,9.699341,11.9163152
110N05463,19.3078089,19.7334058,17.409652,18.9333423
110N05464,19.3126505,19.7342032,17.4183837,18.9374648
110N05465,19.2675671,19.7403603,17.391064,18.8986283
110N05466,19.2070402,19.7536956,17.3865559,18.9071633
110N05467,18.9538487,19.1569843,16.4877459,18.3051791
110N05468,18.9585579,19.1595827,16.4640414,18.3003531
110N05469,18.9545618,19.1213728,16.4442272,18.2917514
110N05470,18.8655065,19.0870617,16.4662828,18.2699388
110N05471,18.9328483,19.081658,16.5212423,18.2939164
110N05472,18.9335538,19.081818,16.5209018,18.294059
110N05473,18.9108185,19.0986179,16.4434626,18.2673661
110N05474,18.9082234,19.0904641,16.4535305,18.2709302
110N05475,18.9338067,19.1027141,16.4530833,18.2828605
110N05476,18.9922023,19.1117015,16.5069331,18.2726269
110N05477,19.2890887,19.0507455,16.4563197,18.2848947
110N05478,19.3092081,19.0060315,16.4402206,18.2337197
110N05479,19.342749,19.0212032,16.5363571,18.2988255
110N05480,19.3185608,19.0242465,16.5444745,18.2984019
110N05481,19.1825837,19.0348166,16.5100456,18.285253
110N05482,19.2411663,19.0783133,16.6478697,18.3924988
110N05483,19.2336386,19.0605738,16.6131964,18.3720151
110N05484,19.2536513,19.0684517,16.6689221,18.3836403
110N05485,19.275232,19.1084472,16.6032502,18.39686
110N05486,24.4111672,24.2825005,22.0963289,23.6485694
110N05487,24.2805758,24.4275402,22.1686298,23.7430654
110N05488,24.2803612,24.4278838,22.1685408,23.743159
110N05490,29.0250002,24.8107584,26.1930064,26.1353183
110N05491,29.0064444,24.8202313,26.2314112,26.1084893
110N05492,28.9999742,24.8188718,26.2397817,26.0891009
110N05495,32.2136717,27.6510798,30.6500599,29.5082173
110N05496,32.1416572,27.6324741,30.6193494,29.4743767
110N05497,32.1116526,27.6324612,30.6209479,29.460439
110N05498,31.9766242,27.6322989,30.7372834,29.4552651
110N05499,32.0142719,27.6705539,30.8318362,29.5224597
110N05500,32.2983524,27.6677456,30.7983976,29.6090736
110N05503,19.2354509,19.0837553,14.8625978,18.1125503
110N05504,19.598051,18.9285118,14.8912608,17.9918443
110N05507,28.9594858,22.8890681,28.1427763,25.8048828
110N05508,28.8700921,22.8629268,28.0849958,25.7554381
110N05509,28.8699582,22.8633734,28.0832625,25.7550919
110N05510,28.8699582,22.8633734,28.0832625,25.7550919
110N05511,28.9537634,23.0723437,28.5306703,25.9253625
110N05512,28.9051908,23.0810414,28.5141341,25.9134217
110N05513,28.9227337,23.0889141,28.4902209,25.9101326
110N05514,28.9053889,23.0729572,28.4782198,25.868778
110N05517,44.9820885,30.6107607,31.0074976,33.4543235
110N05518,45.0954323,30.7224133,31.1612473,33.5789651
110N05519,45.1125772,30.686031,31.1580185,33.7290887
110N05520,45.1605533,30.6807062,31.1201289,33.6614826
110N05521,45.075217,30.542708,31.1591928,33.6336854
110N05522,45.0749762,30.5424273,31.1600894,33.6337799
110N05529,28.3370188,25.1242415,24.57459,25.6272745
110N05530,28.3496889,25.1259312,24.538417,25.6199981
110N05531,28.307587,25.1264518,24.5879829,25.5743923
110N05532,28.2228419,25.1253331,24.641049,25.5777686
110N05533,28.7028434,25.1280973,24.6430063,25.8079673
110N05534,28.7023174,25.1286478,24.645902,25.8089324
110N05535,28.848469,25.1144014,24.5938429,25.9212475
110N05536,28.6542405,25.1152497,24.5981162,25.7883851
110N05537,28.6542405,25.1152497,24.5981162,25.7883851
110N05538,28.4716745,25.1184189,24.5662315,25.6813911
110N05539,28.8422396,25.106483,24.5567261,25.8148064
110N05540,28.8048789,25.1041566,24.5154379,25.7747312
110N05541,28.7429641,25.0901991,24.4139993,25.7237971
110N10918,13.1937631,11.7954045,5.9206121,10.1772374
110N10919,13.1824571,11.7780684,5.9092849,10.0548701
110N10920,13.1473436,11.7852285,5.9057812,10.0105894
110N10921,13.131351,11.7721495,5.9061721,9.9608166
110N15859,13.2120926,11.8470794,5.8662972,10.3756296
110N16029,24.5314788,23.5809965,18.8808169,22.3999089
110N16072,4.0569239,4.5665355,1.9828942,3.7192147
110P04121,2.4700933,2.4700933,2.4700933,2.4700933
110P04122,2.4776709,2.4776709,2.4776709,2.4776709
110P04123,2.4736224,2.4736224,2.4736224,2.4736224
110P04124,2.4723909,2.4723909,2.4723909,2.4723909
110P04125,2.4720117,2.4720117,2.4720117,2.4720117
110P04126,2.4706594,2.4706594,2.4706594,2.4706594
110P04127,2.4706651,2.4706651,2.4706651,2.4706651
110P04128,2.4720923,2.4720923,2.4720923,2.4720923
110P04129,2.4720923,2.4720923,2.4720923,2.4720923
110P04130,2.4720923,2.4720923,2.4720923,2.4720923
110P04143,15.2852808,14.2449296,12.2791755,14.0482676
110P04144,7.3291976,8.7940347,6.6036017,7.7662001
110P04145,7.2651672,8.8159242,6.5898455,7.7274531
110P04146,7.3157326,8.7648105,6.5334312,7.7149394
110P04147,7.2809731,8.7415257,6.4323523,7.6355738
110P04148,7.3514266,8.7819886,6.5475834,7.7447184
110P04149,7.3422228,8.7668034,6.4969332,7.719757
110P04150,7.3422228,8.7668034,6.4969332,7.719757
110P04151,7.3298214,8.7734445,6.5655101,7.7352918
110P04152,7.2554532,8.8128513,6.5309824,7.7238987
110P04153,7.2940754,8.7934859,6.5287951,7.7073853
110P04154,7.277451,8.8350299,6.713394,7.7779347
110P04155,7.2846555,8.8101435,6.6467485,7.7539344
110P04156,7.2846555,8.8101435,6.6467485,7.7539344
110P04157,7.2846555,8.8101435,6.6467485,7.7539344
110P04163,1.5503218,1.0565393,1.5226511,1.336465
110P04164,1.5468616,1.0519132,1.4968452,1.3188534
110P04165,1.5468616,1.0519132,1.4968452,1.3188534
110P04166,1.549582,1.0514565,1.4902165,1.3165268
110P04167,1.5493912,1.0488473,1.481159,1.3081207
110P04168,1.5493912,1.0488473,1.481159,1.3081207
110P04169,1.5596159,1.0559381,1.4716204,1.3208729
110P04170,1.5596159,1.0559381,1.4716204,1.3208729
110P04171,1.5596159,1.0559381,1.4716204,1.3208729
110P04172,1.5596159,1.0561207,1.4716204,1.320951
110P04173,1.5338914,1.0643677,1.4089392,1.2911707
110P04174,1.543377,1.0659199,1.4095302,1.296751
110P04175,1.5547981,1.0456479,1.4781865,1.3189315
110P04176,1.5547981,1.0456479,1.4781865,1.3189315
110P04177,1.5583682,1.0537835,1.4684009,1.3174738
110P04178,1.5608852,1.0670281,1.4877967,1.3332716
110P04179,1.5652913,1.0773642,1.4956889,1.3309445
110P04180,1.5652913,1.0773642,1.4956889,1.3309445
110P04181,1.5621429,1.0711556,1.5404504,1.345602
110P04182,1.5621429,1.0711556,1.5404504,1.345602
110P04183,1.5627252,1.0926367,1.6004497,1.3765872
110P04184,13.5286413,10.4296331,5.0401741,8.9089659
110P04185,13.5536014,10.4480505,5.1061994,8.9287625
110P04186,13.5705056,10.4259981,5.0633413,8.9585244
110P04187,13.5705056,10.4260165,5.0633413,8.9585323
110P04188,13.5520938,10.3713147,4.9944521,8.8643576
110P04189,13.5661531,10.3759743,4.9868596,8.8659384
110P04190,13.5731031,10.5486148,4.9863092,9.0393923
110P04191,13.5743142,10.5645383,4.9704548,9.0711331
110P04192,13.5608353,10.5510627,4.9699371,9.0623622
110P04193,20.8746155,17.4113024,12.3472485,16.1914203
110P04603,5.6943416,6.3520866,3.1797003,5.2515369
110P04604,5.6667396,6.4075081,3.1796526,5.3087916
110P04605,5.6495453,6.5768962,3.1920405,5.4583183
110P04606,5.6662824,6.3851285,3.1874424,5.3522408
110P04607,5.7017867,6.377893,3.1847149,5.3083343
110P04608,5.7117741,6.4192463,3.1857164,5.3661764
110P04609,5.7069861,6.3727275,3.180512,5.2851606
110P04610,5.6785049,6.3036438,3.1808224,5.1594532
110P04611,5.6500972,6.3661082,3.1974381,5.3738495
110P04612,5.6531025,6.3827644,3.194205,5.3579704
110P04613,5.69619,6.3483588,3.1925167,5.309414
110P04645,8.7987952,9.1144389,5.2469426,7.8429962
110P04646,8.7987952,9.1144389,5.2469426,7.8429962
110P04647,8.7916665,9.1161613,5.2363135,7.7409284
110P04648,8.7935589,9.1951775,5.2470766,7.8922741
110P04670,2.4720923,2.4720923,2.4720923,2.4720923
110P04681,23.9194824,23.1125946,18.0399872,21.8582038
110P04682,23.8477303,22.9461487,18.0189711,21.5641088
110P04683,23.8591981,23.0670546,18.0657476,21.6484918
110P04684,23.8535056,23.0788618,18.1083302,21.6660079
110P04686,7.228486,11.5945106,4.1133014,8.1382701
110P04687,7.309856,11.5569906,4.1155387,8.0985717
110P04688,7.309856,11.5569906,4.1155387,8.0985717
110P04689,7.3526716,11.4890699,4.2251216,8.174088
110P04691,7.5414872,11.4251911,4.2573367,8.209098
110P04692,7.5414872,11.4251911,4.2573367,8.209098
110P04693,7.5892119,11.5320143,4.1706957,8.2714588
110P04694,7.5892119,11.5320143,4.1706957,8.2714588
110P04696,7.8088654,11.3074151,4.2561986,8.1241763
110P04697,7.8088654,11.3074151,4.2561986,8.1241763
110P04698,7.8694667,11.2971819,4.2765322,8.0726002
110P04699,7.8694667,11.2971819,4.2765322,8.0726002
110P04700,7.9540285,11.2801131,4.2847297,8.0297279
110P04701,3.0976604,2.8103696,1.0630074,2.2347395
110P04702,3.1127031,2.8842205,1.0475566,2.4004555
110P04703,3.1169423,2.869552,1.048567,2.3485531
110P04704,3.113533,2.8798651,1.0447836,2.3418888
110P04705,3.1052908,2.9100357,1.0474787,2.3865555
110P04706,3.1002348,2.9117887,1.0416765,2.3902166
110P04707,3.1251298,2.9321407,1.0325685,2.3606063
110P04708,3.1504217,2.9372257,1.0309055,2.3525753
110P04709,3.1548646,2.9031724,1.0244235,2.269083
110P04710,3.1734873,2.9242569,1.0245585,2.3236374
110P04728,8.5390769,9.0288989,3.4200989,7.039202
110P04729,8.5390769,9.0288989,3.4200989,7.039202
110P04730,8.5514238,9.1617724,3.4267122,7.3154985
110P04731,8.4428933,9.1092299,3.4183923,7.1596105
110P04732,8.3676715,9.1318499,3.4225234,7.1820057
110P04733,8.3672607,9.3116927,3.4290404,7.448002
110P04734,8.3310558,9.292632,3.4231878,7.5100573
110P04735,8.1271795,9.0758203,3.4142045,7.1991544
110P04736,7.9972206,9.2046486,3.4137144,7.2026857
110P04738,8.2641618,9.1361561,3.4251782,7.2346093
110P04739,8.2641618,9.1361561,3.4251782,7.2346093
110P04740,8.5022463,8.4469858,3.4009057,6.7514763
110P04741,8.5505143,8.5055051,3.4017224,6.7833422
110P04742,8.5505143,8.5055051,3.4017224,6.7833422
110P04743,8.5837729,8.5792387,3.4037725,6.8439746
110P04770,9.2774769,12.4664432,9.1474062,10.6630401
110P04771,9.2771553,12.5059715,9.1920774,10.6938857
110P04772,9.1545612,12.4793412,9.2349045,10.5315074
110P04773,9.0249185,12.4332593,9.1455188,10.4081578
110P04774,9.0075742,12.4239164,9.1370145,10.3969338
110P04775,9.0075742,12.4239164,9.1370145,10.3969338
110P04776,8.9969675,12.3606647,9.0443308,10.3380294
110P04784,7.3082953,7.7889297,4.689027,6.7009309
110P04785,8.4908767,9.0624433,5.7870905,7.8962193
110P04786,8.4902204,9.0579807,5.774682,7.8887451
110P04787,8.4963788,9.0417065,5.7424923,7.8695272
110P04788,8.5696841,9.0520956,5.7263532,7.8518766
110P04789,8.5401929,9.0778279,5.7118676,7.9333707
110P04790,8.6658566,9.0804407,5.730244,7.9696001
110P04791,7.2181503,7.8346043,4.7132002,6.786984
110P04792,7.2611253,7.8763571,4.7373345,6.8577468
110P04793,7.283288,7.8662363,4.711714,6.8173182
110P04794,7.3152101,7.8251187,4.7054138,6.7546174
110P04795,7.3152101,7.8251187,4.7054138,6.7546174
110P04798,8.6183611,10.0127842,6.9128114,8.7975829
110P04799,8.6183611,10.0126138,6.9128747,8.7975201
110P04800,8.598716,10.0323303,6.9235622,8.8050629
110P04801,8.4525327,10.0344005,6.929871,8.7410675
110P04803,8.4516639,9.994975,6.9206903,8.6621324
110P04804,8.4571876,10.0196176,6.974794,8.6909482
110P04805,8.4571876,10.0196176,6.974794,8.6909482
110P04806,8.3555887,10.0240975,6.9363784,8.6430223
110P04807,8.3555887,10.0239325,6.9363784,8.6429521
110P04808,8.3242771,10.0028738,6.9303741,8.6148778
110P04809,8.3012674,10.0054671,6.9515751,8.6070757
110P04810,8.2171707,9.9931823,6.9465158,8.5655307
110P04811,8.2089455,9.9974861,6.951942,8.565815
110P04812,8.166579,9.9945216,6.9458823,8.5232012
110P04813,8.1266815,10.0454377,6.9881368,8.5800435
110P04814,7.4973192,10.5948592,6.8373975,8.5399994
110P04815,7.4994741,10.6028141,6.8465574,8.5460869
110P04816,7.574808,10.5720987,6.8429727,8.5763932
110P04817,7.6599508,10.5664429,6.8671968,8.6293385
110P04818,7.2217873,7.8493738,4.7182726,6.8308769
110P04819,7.2217873,7.8493738,4.7182726,6.8308769
110P04820,7.2268561,7.8267168,4.7033933,6.7836671
110P04821,7.2249675,7.8210671,4.7064007,6.7815532
110P04823,3.889427,4.6007082,1.3233024,3.6780649
110P04824,3.889427,4.6007082,1.3233024,3.6780649
110P04827,11.9648568,15.2242397,11.1789579,13.0868264
110P04828,11.9563678,15.265526,11.1997498,13.0908825
110P04847,1.885993,3.4412566,1.4867081,2.2995134
110P04848,1.891558,3.4490933,1.4883174,2.3046958
110P04849,1.8906012,3.4504033,1.4833676,2.3018281
110P04850,1.8906012,3.4504033,1.4833676,2.3018281
110P04851,1.9367559,3.4420243,1.4715724,2.3115715
110P04852,1.9287557,3.4485768,1.4938803,2.3824327
110P04855,9.1431967,11.329114,5.8096266,9.0278825
110P04856,9.1427238,11.329114,5.8092607,9.0276315
110P04857,3.3943204,4.7719165,2.1052791,3.559267
110P04858,3.3943204,4.7719471,2.1052791,3.5592787
110P04859,3.4032524,4.8280846,2.0964955,3.6231605
110P04860,3.4032524,4.8280846,2.0964955,3.6231605
110P04861,3.3946832,4.8858846,2.0906121,3.6469544
110P04862,3.3492327,4.8337948,2.0958513,3.5774931
110P04863,4.031194,4.4029409,1.3243127,3.3824273
110P04865,4.0211265,4.4545364,1.3232484,3.4263972
110P04866,4.0418936,4.4938172,1.3135474,3.4712993
110P04867,3.9409811,4.5142523,1.3164765,3.5090006
110P04868,3.8862061,4.5247627,1.312234,3.5629411
110P04869,3.8862061,4.5247627,1.312234,3.5629411
110P04870,4.2267249,4.6845823,1.293066,3.8317348
110P04871,4.2267249,4.6845823,1.293066,3.8317348
110P04872,4.2451453,4.4630775,1.321791,3.5134591
110P04873,3.9919856,4.3957404,2.2499266,3.6626776
110P04874,3.9919856,4.3957404,2.2499266,3.6626776
110P04875,3.998916,4.4790706,2.2299414,3.7049803
110P04876,3.998916,4.4790706,2.2299414,3.7049803
110P04877,3.998916,4.4790706,2.2299414,3.7049803
110P04878,4.0032392,4.534748,2.2264543,3.7277158
110P04879,3.9676663,4.3995144,2.2565479,3.6393913
110P04880,3.9676663,4.3995144,2.2565479,3.6393913
110P04881,3.9676663,4.3995144,2.2565479,3.6393913
110P04882,3.9676663,4.3995144,2.2565479,3.6393913
110P04883,3.9341047,4.4864328,2.2352685,3.680782
110P04884,6.6515429,6.8235281,3.1767785,5.6694433
110P04885,6.6577687,6.8999723,3.1747284,5.6959827
110P04886,6.5354016,6.9025295,3.1687276,5.6797661
110P04887,6.5925154,6.833906,3.1735761,5.6237105
110P04888,6.6137756,6.9348474,3.1734063,5.7535639
110P04889,6.5727787,6.9783937,3.1724765,5.7997692
110P04890,6.5730081,6.9783937,3.172186,5.7997584
110P04891,6.6457167,6.9603449,3.1677138,5.8314385
110P04892,10.8122724,11.9188174,7.051336,10.2602237
110P04893,10.8282246,11.9526544,7.0760152,10.2047004
110P04894,10.8512112,11.8861143,7.0878509,10.128795
110P04895,10.8723332,11.8660089,7.048102,10.1531862
110P04896,10.8717913,11.8562408,7.0439736,10.147449
110P04897,10.8820234,11.8871017,7.0608195,10.231629
110P04898,10.8742391,11.8588444,6.9981014,10.1984986
110P04899,9.3854493,12.5305951,9.6385933,10.8996636
110P04900,9.3814943,12.5412395,9.6508087,10.9070963
110P04901,9.2793673,12.5549004,9.6560897,10.8335659
110P04902,9.2765486,12.551147,9.6428994,10.8275873
110P04903,3.9272403,6.8412131,3.7145682,5.0444773
110P04904,3.8323697,6.8394012,3.6765164,4.9433379
110P04905,3.8340648,6.8388351,3.6833264,4.9454573
110P04906,3.8381123,6.8414564,3.6846213,4.9482654
110P04907,3.8381123,6.8416313,3.6846213,4.9483323
110P04908,4.0160841,6.8633859,3.6775682,5.1124961
110P04910,4.9318222,8.964937,3.2750966,5.9403054
110P04911,4.937271,8.9895028,3.2638024,5.9594739
110P04912,4.9252494,8.9743634,3.2854043,5.8964472
110P04913,5.0026613,8.8994004,3.3087065,6.0337392
110P04914,5.0094243,8.8997892,3.3087254,6.0339201
110P04915,5.0094243,8.8997892,3.3087254,6.0339201
110P04925,15.3016691,14.1793,12.1190746,13.9388605
110P04926,15.2205234,14.1850707,12.1845031,13.9726477
110P04944,3.8528885,4.3390359,1.3980008,3.3397239
110P04945,3.8528885,4.3390359,1.3980008,3.3397239
110P04946,3.8527267,4.3390359,1.3980008,3.3396726
110P04947,3.8462356,4.3340034,1.3957069,3.3349643
110P04948,3.7877833,4.3071493,1.389542,3.2037538
110P04949,3.7895071,4.3055513,1.3890266,3.2034417
110P04950,3.8007749,4.3056944,1.390257,3.2070578
110P04951,3.8007749,4.3056944,1.390257,3.2070578
110P04954,8.8286276,12.521275,9.2150835,10.3883319
110P04955,8.8286276,12.521275,9.2150835,10.3883319
110P04956,8.8374376,12.5537542,9.2663314,10.4182442
110P04957,8.8800848,12.5267613,9.1542655,10.2324056
110P04958,8.9086732,12.520264,9.1821465,10.2485683
110P05007,18.880197,21.970753,19.3121694,20.410274
110P05008,18.7413156,21.9663647,19.3541317,20.3545163
110P05009,18.7030959,21.9760243,19.3113504,20.3347404
110P05010,18.6397911,21.9790586,19.2519532,20.2731025
110P05011,16.6112065,20.4456482,17.5873222,18.5670699
110P05012,19.926028,21.7867106,18.8468578,20.4172445
110P05017,16.4888145,20.4666005,17.6932561,18.5059045
110P05018,16.4766436,20.4560272,17.6329134,18.4961155
110P05019,16.6015855,20.4723101,17.5910322,18.5776612
110P05020,16.5055498,20.4390617,17.4564318,18.4145113
110P05021,16.4864779,20.4003865,17.5290517,18.428905
110P05022,16.629365,20.3658649,17.3725326,18.3631167
110P05353,36.7452475,29.5545214,29.9323561,31.5058617
110P05354,36.7622408,29.5407497,29.9067969,31.4261978
110P05355,27.1293305,24.2873385,21.759843,24.2774236
110P05356,27.0320509,24.2950687,21.7564216,24.2485743
110P05357,26.9256086,24.3122396,21.7772047,24.2556427
110P05358,26.8098319,24.3143454,21.7957686,24.1846099
110P05359,26.8002074,24.2897158,21.6725293,24.0830635
110P05360,26.8856834,24.2106193,21.7181965,24.0172756
110P05361,27.1750521,24.1640267,21.7332453,23.9876907
110P05362,27.1847767,24.1650017,21.7476442,23.9932114
110P05363,27.1420253,24.1880444,21.8353692,24.0659065
110P05364,27.1724087,24.1906209,21.8919453,24.1582975
110P05365,27.1767495,24.1882429,21.8662838,24.1504681
110P05366,27.2903121,24.1977966,21.8568069,24.2068916
110P05367,27.3084941,24.2166866,21.8875495,24.2665266
110P05368,27.2924506,24.2092884,21.9003106,24.2270156
110P05369,24.1406673,23.0744333,18.0145357,21.8607017
110P05370,23.9418,23.0874076,17.9777666,21.8381077
110P05371,23.8041219,23.0992916,17.9696115,21.8511024
110P05372,23.7470338,23.101014,17.9573887,21.8752738
110P05373,23.9295599,23.0713455,17.8849571,21.8377712
110P05374,23.8906311,23.0535585,17.8856934,21.8016182
110P05375,23.8645603,23.1088377,17.9502774,21.8870001
110P05376,29.4321096,27.3420774,21.0783267,25.6619631
110P05377,29.4169844,27.3715302,21.0592164,25.7741301
110P05379,8.7760856,9.0786792,5.7307452,7.9851657
110P05380,8.9421419,9.1359207,5.7281818,8.0920101
110P05381,8.8649449,9.0696545,5.7439126,8.0120306
110P05382,15.4356009,14.0215042,12.0264442,13.7407041
110P05383,15.3816551,14.0537611,12.0127254,13.7805932
110P05390,15.2980557,14.0717164,11.9786181,13.8144729
110P05391,29.0079789,25.0223224,26.3245827,26.3309978
110P05392,29.0135203,25.0005133,26.3515847,26.3631422
110P05393,29.0966812,25.1597198,26.5612693,26.6280176
110P05394,28.9938191,25.0057078,26.3268881,26.3797864
110P05395,28.9740994,24.9983735,26.2762325,26.3660884
110P05396,24.9767873,26.832575,25.477815,25.9997441
110P05397,24.8344933,26.7528432,25.5266808,25.8946494
110P05398,24.8690803,26.8236028,25.483442,25.9578562
110P05399,24.9283548,26.8303688,25.4989343,25.983907
110P05400,24.8646079,26.8116282,25.4092597,25.9253877
110P05401,24.6005839,26.7748128,25.3563608,25.7505353
110P05402,24.6005839,26.7748128,25.3563608,25.7505353
110P05403,24.4073404,26.7114067,25.573529,25.8034761
110P05404,24.4159745,26.6997415,25.5851054,25.8035839
110P05405,20.0976085,21.9108812,19.0074799,20.6856497
110P05406,35.5328545,31.4094118,34.3073568,33.1426494
110P05407,35.5043568,31.4317275,34.2103305,33.089311
110P05408,35.5043568,31.4317275,34.2103305,33.089311
110P05409,35.5438804,31.3581129,34.1710687,33.0551562
110P05410,35.5567646,31.355035,34.2697336,33.0953068
110P05411,35.4781164,31.3574693,34.2338896,33.0641381
110P05412,36.4978731,29.4551739,29.892675,31.130942
110P05413,36.4978731,29.4551739,29.892675,31.130942
110P05415,22.0146846,18.698634,19.1285445,19.5497761
110P05416,22.0434832,18.6714451,19.1009917,19.5659449
110P05417,22.1168072,18.8461014,19.3710059,19.8575642
110P05419,22.048168,18.7152084,19.1944126,19.5881852
110P05420,22.0205211,18.7294682,19.2144311,19.5779603
110P05421,22.0373097,18.7375498,19.2277737,19.6226544
110P05422,22.111469,18.8427628,19.4277392,19.7321515
110P05423,8.7343398,9.9971373,6.9206924,8.8088778
110P05424,8.7341055,9.9931417,6.9203034,8.806779
110P05427,17.9269108,17.3843518,16.520244,17.2392486
110P05428,17.8661711,17.3935055,16.5103269,17.2606951
110P05429,17.8874011,17.4228747,16.6648132,17.3071008
110P05430,17.9085359,17.4232598,16.662637,17.3134012
110P05431,17.8885631,17.3921421,16.5604275,17.2647759
110P05432,17.9010322,17.3805055,16.5508961,17.2568891
110P05433,17.879591,17.3799008,16.5466153,17.2556067
110P05434,17.8956787,17.4196984,16.5902844,17.2954099
110P05435,17.881029,17.4385727,16.6049702,17.3131406
110P05436,17.861807,17.4378672,16.5973527,17.3072453
110P05437,17.8659768,17.4589689,16.6363823,17.3355676
110P05438,17.8374935,17.5110274,16.6699331,17.3759503
110P05439,12.009112,15.2235387,11.1312534,13.1111576
110P05440,11.8114889,15.2013411,11.1411842,12.9810592
110P05443,4.0332881,4.2772982,1.3853622,3.2154989
110P05444,4.0591368,4.3041531,1.3826479,3.2750641
110P05445,12.8678991,15.3892955,11.1868131,13.3731881
110P05446,12.8522482,15.4187325,11.1920395,13.4795341
110P05447,12.8270868,15.4335984,11.164816,13.4990302
110P05448,12.7525403,15.4792363,11.195925,13.495298
110P05449,12.7524823,15.4794129,11.1962581,13.4954418
110P05450,12.4759994,15.591508,11.2627101,13.4082123
110P05451,12.6346344,15.5835203,11.346786,13.4993832
110P05452,12.6162334,15.5984406,11.4092442,13.5167817
110P05453,12.5701401,15.5772498,11.4259663,13.464993
110P05454,12.5698226,15.5775653,11.4261298,13.4650749
110P05455,12.7050125,15.4585585,11.3757138,13.3094238
110P05456,12.7880663,15.5051034,11.4240183,13.5116255
110P05457,12.7869391,15.5047707,11.3872619,13.4982642
110P05458,12.7407895,15.5473452,11.3783299,13.5267245
110P05459,12.7411495,15.5473867,11.3778029,13.526651
110P05460,28.6524684,25.2988366,24.9217399,26.0324236
110P05461,28.2881577,25.1879169,24.8906863,25.723827
110P05463,21.530596,21.7193664,18.2298633,20.6189904
110P05464,21.4896635,21.7208677,18.1780746,20.6066705
110P05465,21.5672027,21.7020208,18.2062726,20.6135373
110P05466,21.6246206,21.7045519,18.2308076,20.6494053
110P05467,21.5715448,21.7020306,18.2393684,20.6231706
110P05468,21.4823376,21.7150426,18.1958552,20.599964
110P05469,21.5134969,21.6645349,18.1938787,20.5641944
110P05470,21.5085432,21.6762389,18.1867805,20.6054901
110P05471,21.7252308,21.6674411,18.2268742,20.6481712
110P05472,21.5905266,21.6776851,18.2161046,20.6198523
110P05473,21.6031441,21.671308,18.2029649,20.6256755
110P05474,21.6802445,21.6798596,18.2180635,20.6442581
110P05475,21.7564999,21.7228737,18.2393516,20.7424583
110P05476,21.7837691,21.7294362,18.2568421,20.7475951
110P05477,21.8156879,21.7233208,18.2485017,20.8144109
110P05478,21.7931838,21.7066875,18.2504188,20.8327244
110P05479,21.7807064,21.7151825,18.2850248,20.8564647
110P05480,21.7685269,21.7179137,18.2800671,20.8534271
110P05481,29.0006284,25.012261,26.3751763,26.3720589
110P05482,29.0217759,24.9646299,26.3505005,26.281116
110P05483,29.0015338,25.0113792,26.4011194,26.2802752
110P05484,28.976349,24.9671612,26.5323503,26.2884057
110P05485,28.9758555,24.9991236,26.4032467,26.3086922
110P05486,28.9929719,24.9162704,26.4560303,26.3264889
110P05487,28.9518719,24.9466436,26.3432995,26.1953491
110P05488,28.9530372,24.946711,26.3441132,26.1958653
110P05490,24.2225081,24.3813498,22.1289848,23.6833283
110P05491,24.1967926,24.4151231,22.1112685,23.7116744
110P05492,24.278004,24.4109095,22.1529929,23.7352403
110P05495,36.4736397,29.3923454,29.831047,31.0023333
110P05496,36.5472608,29.427988,29.9039611,31.0655384
110P05497,36.6624949,29.3997812,29.7657595,31.0648658
110P05498,36.6451158,29.4147399,29.7889002,31.1903723
110P05499,36.7446317,29.4372326,29.8332804,31.3595239
110P05500,36.9611794,29.4312929,29.77854,31.5344828
110P05503,20.8192093,17.7057374,12.2898922,16.5644927
110P05504,20.8487882,17.7404244,12.2907777,16.5871162
110P05506,31.4462249,25.3675288,29.0209722,27.7115265
110P05507,31.504447,25.4449736,29.0396497,27.7436202
110P05508,31.3188108,25.449901,29.0082272,27.7281846
110P05509,31.3188108,25.449901,29.0082272,27.7281846
110P05510,31.1930722,25.4389042,28.9888191,27.7175918
110P05511,31.1574393,25.2927281,29.1562303,27.6902044
110P05512,31.1772346,25.2957461,29.1548508,27.7231018
110P05513,31.2554697,25.3095063,29.1747868,27.6249394
110P05514,31.2554697,25.3095063,29.1747868,27.6249394
110P05517,35.2464974,31.9909981,35.8188319,33.724462
110P05518,35.1987437,32.0038392,35.7868416,33.7122406
110P05519,31.2632597,29.8629479,33.837092,31.2378011
110P05520,31.4505004,29.8325658,33.8178358,31.2644973
110P05521,31.4418644,29.9004086,33.8009339,31.2872618
110P05522,31.2734072,29.9270199,33.7799865,31.2772928
110P05529,26.8752243,23.0875962,23.086652,23.9062279
110P05530,26.8763648,23.0832689,23.0961563,23.912209
110P05531,26.8677073,23.0698393,23.3359865,23.9341186
110P05532,26.8944533,23.0499102,23.2093292,23.7981338
110P05533,26.8657116,23.0704647,23.0478212,23.9784901
110P05534,26.9079642,23.0567314,22.9116418,23.7926633
110P05535,26.883775,23.0826853,22.9828514,23.8164047
110P05536,26.908582,23.0743936,23.1271655,23.7976209
110P05537,26.9042399,23.0834006,23.170299,23.8330037
110P05538,26.914414,23.1334292,23.0473812,23.9427684
110P05539,26.870924,23.0988027,22.9819999,23.8830352
110P05540,26.8624783,23.1245685,22.9654234,24.0236481
110P05541,26.8894713,23.0668945,22.5775064,23.7661845
110P05542,26.9240391,23.0823826,22.4500531,23.7470816
110P10918,8.9653465,12.4630528,9.1181397,10.4617607
110P10919,8.9610951,12.4754666,9.1395806,10.4717862
110P10920,8.8479619,12.5022924,9.1746803,10.3759957
110P10921,8.8571316,12.4872141,9.1633066,10.3699198
110P15859,9.0284083,12.4217468,9.1266287,10.3982231
110P16029,9.2512564,12.5139259,9.2374143,10.7042742
110P16072,3.3492327,4.8337948,2.0958513,3.5774931
