TMC,TERRAIN
110+04847,Level
110P04847,Level
110+04848,Level
110P04848,Level
110+04849,Level
110P04849,Level
110+04850,Level
110P04850,Level
110+04851,Level
110P04851,Level
110+04852,Level
110P04852,Level
110N04852,Level
110-04851,Level
110N04851,Level
110-04850,Level
110N04850,Level
110-04849,Level
110N04849,Level
110-04848,Level
110N04848,Level
110-04847,Level
110-04846,Level
110N04847,Level
110+04686,Level
110P04686,Level
110+04687,Level
110P04687,Level
110+04688,Level
110P04688,Level
110+04689,Level
110P04689,Level
110+04690,Level
110+04691,Level
110P04691,Level
110+04692,Level
110P04692,Level
110+04693,Level
110P04693,Level
110+04694,Level
110P04694,Level
110+04695,Level
110+04696,Level
110P04696,Level
110+04697,Level
110P04697,Level
110+04698,Level
110P04698,Level
110+04699,Level
110P04699,Level
110+04700,Level
110P04700,Level
110+04701,Level
110P04701,Level
110+04702,Level
110P04702,Level
110+04703,Level
110P04703,Level
110+04704,Level
110P04704,Level
110+04705,Level
110P04705,Level
110+04706,Level
110P04706,Level
110+04707,Level
110P04707,Level
110+04708,Level
110P04708,Level
110+04709,Level
110P04709,Level
110+04710,Level
110P04710,Level
110+04711,Level
110N04710,Level
110-04709,Level
110N04709,Level
110-04708,Level
110N04708,Level
110-04707,Level
110N04707,Level
110-04706,Level
110N04706,Level
110-04705,Level
110N04705,Level
110-04704,Level
110N04704,Level
110-04703,Level
110N04703,Level
110-04702,Level
110N04702,Level
110-04701,Level
110N04701,Level
110-04700,Level
110N04700,Level
110-04699,Level
110N04699,Level
110-04698,Level
110N04698,Level
110-04697,Level
110-04694,Level
110N04694,Level
110-04693,Level
110N04693,Level
110-04692,Level
110N04692,Level
110-04691,Level
110N04691,Level
110-04690,Level
110-04689,Level
110N04689,Level
110-04688,Level
110N04688,Level
110-04687,Level
110N04687,Level
110-04686,Level
110N04686,Level
110-04685,Level
110+04770,Level
110P04770,Level
110+04771,Level
110P04771,Level
110+16029,Level
110P16029,Level
110+04772,Level
110P04772,Level
110+04773,Level
110P04773,Level
110+15859,Level
110P15859,Level
110+04774,Level
110P04774,Level
110+04775,Level
110P04775,Level
110+04776,Level
110P04776,Level
110+04777,Level
110+10918,Level
110P10918,Level
110+10919,Level
110P10919,Level
110+10920,Level
110P10920,Level
110+10921,Level
110P10921,Level
110+04953,Level
110+04955,Level
110P04954,Level
110P04955,Level
110+04956,Level
110P04956,Level
110+04957,Level
110P04957,Level
110+04958,Level
110P04958,Level
110+04959,Level
110-04958,Level
110N04958,Level
110-04957,Level
110N04957,Level
110-04956,Level
110N04956,Level
110-04955,Level
110N04955,Level
110-04954,Level
110-04953,Level
110N04954,Level
110-10921,Level
110N10921,Level
110-10920,Level
110N10920,Level
110-10919,Level
110N10919,Level
110-10918,Level
110N10918,Level
110-04777,Level
110-04776,Level
110N04776,Level
110-04775,Level
110N04775,Level
110-04774,Level
110N04774,Level
110-15859,Level
110N15859,Level
110-04773,Level
110N04773,Level
110-04772,Level
110N04772,Level
110-16029,Level
110N16029,Level
110-04771,Level
110N04771,Level
110-04770,Level
110N04770,Level
110-04769,Level
110+09220,Rolling
110-09219,Rolling
110+04121,Level
110P04121,Level
110+04122,Level
110P04122,Rolling
110+04123,Rolling
110P04123,Rolling
110+04124,Rolling
110P04124,Level
110+04125,Level
110P04125,Level
110+04126,Rolling
110P04126,Level
110+04127,Level
110P04127,Level
110+04670,Level
110P04670,Level
110+04128,Level
110P04128,Level
110+04129,Level
110P04129,Level
110+04130,Level
110P04130,Level
110N04129,Level
110-04128,Level
110N04128,Level
110-04670,Level
110N04670,Level
110-04127,Level
110N04127,Level
110-04126,Level
110N04126,Level
110-04125,Rolling
110N04125,Level
110-04124,Level
110N04124,Rolling
110-04123,Rolling
110N04123,Rolling
110-04122,Rolling
110N04122,Rolling
110-04121,Level
110N04121,Level
110-04120,Level
110P04910,Level
110+04911,Level
110P04911,Level
110+04912,Level
110P04912,Level
110+04913,Level
110P04913,Level
110+04914,Level
110P04914,Level
110+04915,Level
110P04915,Level
110N04915,Level
110-04914,Level
110N04914,Level
110-04913,Level
110N04913,Level
110-04912,Level
110N04912,Level
110-04911,Level
110N04911,Level
110-04910,Level
110N04910,Level
110-04613,Level
110N04613,Level
110-04612,Level
110N04612,Level
110-04611,Level
110N04611,Level
110-04610,Level
110N04610,Level
110-04609,Level
110N04609,Level
110-04608,Level
110N04608,Level
110-04607,Level
110N04607,Level
110-04606,Level
110N04606,Level
110-04605,Level
110N04605,Level
110-04604,Level
110N04604,Level
110-04603,Level
110N04603,Level
110-04648,Level
110N04648,Level
110-04647,Level
110N04647,Level
110-04646,Level
110N04646,Level
110-04645,Level
110N04645,Level
110-04644,Level
110+04645,Level
110P04645,Level
110+04646,Level
110P04646,Level
110+04647,Level
110P04647,Level
110+04648,Level
110P04648,Level
110+04603,Level
110P04603,Level
110+04604,Level
110P04604,Level
110+04605,Level
110P04605,Level
110+04606,Level
110P04606,Level
110+04607,Level
110P04607,Level
110+04608,Level
110P04608,Level
110+04609,Level
110P04609,Level
110+04610,Level
110P04610,Level
110+04611,Level
110P04611,Level
110+04612,Level
110P04612,Level
110+04613,Level
110P04613,Level
110+04614,Level
110-04824,Level
110N04824,Level
110-04823,Level
110N04823,Level
110-04822,Level
110+04823,Level
110P04823,Level
110+04824,Level
110P04824,Level
110+04825,Level
110P05017,Level
110+05018,Level
110P05018,Level
110+05019,Level
110P05019,Level
110+05020,Rolling
110P05020,Rolling
110+05021,Rolling
110P05021,Rolling
110+05022,Rolling
110P05022,Rolling
110+05023,Rolling
110-05022,Rolling
110N05022,Rolling
110-05021,Rolling
110N05021,Rolling
110-05020,Rolling
110N05020,Rolling
110-05019,Rolling
110N05019,Level
110-05018,Level
110N05018,Level
110-05017,Level
110N05017,Level
110+05529,Rolling
110P05529,Rolling
110+05530,Rolling
110P05530,Rolling
110+05531,Rolling
110P05531,Rolling
110+05532,Rolling
110P05532,Rolling
110+05533,Rolling
110P05533,Rolling
110+05534,Rolling
110P05534,Rolling
110+05535,Rolling
110P05535,Rolling
110+05536,Rolling
110P05536,Level
110+05537,Rolling
110P05537,Rolling
110+05538,Rolling
110P05538,Level
110+05539,Rolling
110P05539,Level
110+05540,Rolling
110P05540,Rolling
110+05541,Rolling
110P05541,Rolling
110+05542,Rolling
110P05542,Rolling
110N05461,Rolling
110-05460,Rolling
110N05460,Rolling
110-05459,Rolling
110N05459,Rolling
110-05458,Rolling
110N05458,Rolling
110-05457,Rolling
110N05457,Rolling
110-05456,Rolling
110N05456,Rolling
110-05455,Level
110N05455,Level
110-05454,Level
110N05454,Level
110-05453,Level
110N05453,Level
110-05452,Level
110N05452,Level
110-05451,Level
110N05451,Level
110-05450,Level
110N05450,Level
110-05449,Level
110N05449,Level
110-05448,Level
110N05448,Level
110-05447,Level
110N05447,Level
110-05446,Level
110N05446,Level
110-05445,Level
110N05445,Level
110-05444,Level
110N05444,Level
110-05443,Level
110N05443,Level
110-05442,Level
110-04951,Level
110N04951,Level
110-04950,Level
110N04950,Level
110-04949,Level
110N04949,Level
110-04948,Level
110N04948,Level
110-04947,Level
110N04947,Level
110-04946,Level
110N04946,Level
110-04945,Level
110N04945,Level
110-04944,Level
110N04944,Level
110-04943,Level
110-04907,Level
110N04907,Level
110-04906,Level
110N04906,Level
110-04905,Level
110N04905,Level
110-04904,Level
110N04904,Level
110-04903,Level
110N04903,Level
110-04902,Level
110N04902,Level
110-04901,Level
110N04901,Level
110-04900,Level
110N04900,Level
110-04899,Level
110N04899,Level
110-04898,Level
110N04898,Level
110-04897,Level
110N04897,Level
110-04896,Level
110N04896,Level
110-04895,Level
110N04895,Level
110-04894,Level
110N04894,Level
110-04893,Level
110N04893,Level
110-04892,Level
110N04892,Level
110-04891,Level
110N04891,Level
110-04890,Level
110N04890,Level
110-04889,Level
110N04889,Level
110-04888,Level
110N04888,Level
110-04887,Level
110N04887,Level
110-04886,Level
110N04886,Level
110-04885,Level
110N04885,Level
110-04884,Level
110N04884,Level
110-04883,Level
110N04883,Level
110-04882,Level
110-04881,Level
110N04881,Level
110-04880,Level
110N04880,Level
110-04879,Level
110N04879,Level
110-04878,Level
110N04878,Level
110-04877,Level
110N04877,Level
110-04876,Level
110N04876,Level
110-04875,Level
110N04875,Level
110-04874,Level
110N04874,Level
110-04873,Level
110N04873,Level
110-04872,Level
110N04872,Level
110-04871,Level
110N04871,Level
110-04870,Level
110N04870,Level
110-04869,Level
110N04869,Level
110-04868,Level
110N04868,Level
110-04867,Level
110N04867,Level
110-04866,Level
110N04866,Level
110-04865,Level
110N04865,Level
110-04864,Level
110N04864,Level
110-04863,Level
110N04863,Level
110-16072,Level
110N16072,Level
110-04862,Level
110N04862,Level
110-04861,Level
110N04861,Level
110-04860,Level
110N04860,Level
110-04859,Level
110N04859,Level
110-04858,Level
110N04858,Level
110N04856,Level
110-04855,Level
110N04855,Level
110-04854,Level
110+04855,Level
110P04855,Level
110+04856,Level
110P04856,Level
110+04857,Level
110P04857,Level
110+04858,Level
110P04858,Level
110+04859,Level
110P04859,Level
110+04860,Level
110P04860,Level
110+04861,Level
110P04861,Level
110+04862,Level
110P04862,Level
110+16072,Level
110P16072,Level
110+04863,Level
110P04863,Level
110+04864,Level
110+04865,Level
110P04865,Level
110+04866,Level
110P04866,Level
110+04867,Level
110P04867,Level
110+04868,Level
110P04868,Level
110+04869,Level
110P04869,Level
110+04870,Level
110P04870,Level
110+04871,Level
110P04871,Level
110+04872,Level
110P04872,Level
110+04873,Level
110P04873,Level
110+04874,Level
110P04874,Level
110+04875,Level
110P04875,Level
110+04876,Level
110P04876,Level
110+04877,Level
110P04877,Level
110+04878,Level
110P04878,Level
110+04879,Level
110P04879,Level
110+04880,Level
110P04880,Level
110+04881,Level
110P04881,Level
110+04882,Level
110P04882,Level
110+04883,Level
110P04883,Level
110+04884,Level
110P04884,Level
110+04885,Level
110P04885,Level
110+04886,Level
110P04886,Level
110+04887,Level
110P04887,Level
110+04888,Level
110P04888,Level
110+04889,Level
110P04889,Level
110+04890,Level
110P04890,Level
110+04891,Level
110P04891,Level
110+04892,Level
110P04892,Level
110+04893,Level
110P04893,Level
110+04894,Level
110P04894,Level
110+04895,Level
110P04895,Level
110+04896,Level
110P04896,Level
110+04897,Level
110P04897,Level
110+04898,Level
110P04898,Level
110+04899,Level
110P04899,Level
110+04900,Level
110P04900,Level
110+04901,Level
110P04901,Level
110+04902,Level
110P04902,Level
110+04903,Level
110P04903,Level
110+04904,Level
110P04904,Level
110+04905,Level
110P04905,Level
110+04906,Level
110P04906,Level
110+04907,Level
110P04907,Level
110+04908,Level
110P04908,Level
110+04944,Level
110P04944,Level
110+04945,Level
110P04945,Level
110+04946,Level
110P04946,Level
110+04947,Level
110P04947,Level
110+04948,Level
110P04948,Level
110+04949,Level
110P04949,Level
110+04950,Level
110P04950,Level
110+04951,Level
110P04951,Level
110+04952,Level
110+05443,Level
110P05443,Level
110+05444,Level
110P05444,Level
110+05445,Level
110P05445,Level
110+05446,Level
110P05446,Level
110+05447,Level
110P05447,Level
110+05448,Level
110P05448,Level
110+05449,Level
110P05449,Level
110+05450,Level
110P05450,Level
110+05451,Level
110P05451,Level
110+05452,Level
110P05452,Level
110+05453,Level
110P05453,Level
110+05454,Level
110P05454,Level
110+05455,Level
110P05455,Level
110+05456,Level
110P05456,Rolling
110+05457,Rolling
110P05457,Rolling
110+05458,Rolling
110P05458,Rolling
110+05459,Rolling
110P05459,Rolling
110+05460,Rolling
110P05460,Rolling
110+05461,Rolling
110P05461,Rolling
110-05541,Rolling
110N05541,Rolling
110-05540,Rolling
110N05540,Rolling
110-05539,Rolling
110N05539,Rolling
110-05538,Rolling
110N05538,Rolling
110-05537,Rolling
110N05537,Rolling
110-05536,Rolling
110N05536,Rolling
110-05535,Rolling
110N05535,Rolling
110-05534,Rolling
110N05534,Rolling
110-05533,Rolling
110N05533,Rolling
110-05532,Rolling
110N05532,Rolling
110-05531,Rolling
110N05531,Rolling
110-05530,Rolling
110N05530,Rolling
110-05529,Rolling
110N05529,Rolling
110-05528,Rolling
110+05495,Rolling
110P05495,Rolling
110+05496,Rolling
110P05496,Rolling
110+05497,Rolling
110P05497,Rolling
110+05498,Rolling
110P05498,Rolling
110+05499,Rolling
110P05499,Rolling
110+05500,Rolling
110P05500,Rolling
110+05501,Rolling
110-05500,Rolling
110N05500,Level
110-05499,Rolling
110N05499,Rolling
110-05498,Rolling
110N05498,Rolling
110-05497,Rolling
110N05497,Rolling
110-05496,Rolling
110N05496,Rolling
110-05495,Rolling
110N05495,Rolling
110-05494,Rolling
110P04791,Level
110+04792,Level
110P04792,Level
110+04793,Level
110P04793,Level
110+04794,Level
110P04794,Level
110+04795,Level
110P04795,Level
110+04796,Level
110-04795,Level
110N04795,Level
110-04794,Level
110N04794,Level
110-04793,Level
110N04793,Level
110-04792,Level
110N04792,Level
110-04791,Level
110N04791,Level
110-05504,Level
110N05504,Level
110-05503,Level
110N05503,Rolling
110-05502,Level
110-04193,Level
110N04193,Level
110-04192,Level
110N04192,Level
110-04191,Level
110N04191,Level
110-04190,Level
110N04190,Level
110-04189,Level
110N04189,Level
110-04188,Level
110N04188,Level
110-04187,Level
110N04187,Level
110-04186,Level
110N04186,Level
110-04185,Level
110N04185,Level
110-04184,Level
110N04184,Level
110-04183,Level
110N04183,Level
110-04182,Level
110N04182,Level
110-04181,Level
110N04181,Level
110-04180,Level
110N04180,Level
110-04179,Level
110N04179,Level
110-04178,Level
110N04178,Level
110-04177,Level
110-04176,Level
110N04177,Level
110N04176,Level
110-04175,Level
110N04175,Level
110-04174,Level
110N04174,Level
110-04173,Level
110N04173,Level
110-04172,Level
110N04172,Level
110-04171,Level
110N04171,Level
110-04170,Level
110N04170,Level
110-04169,Level
110N04169,Level
110-04168,Level
110N04168,Level
110-04167,Level
110N04167,Level
110-04166,Level
110N04166,Level
110-04165,Level
110N04165,Level
110-04164,Level
110N04164,Level
110-04163,Level
110N04163,Level
110-04162,Level
110+04163,Level
110P04163,Level
110+04164,Level
110P04164,Level
110+04165,Level
110P04165,Level
110+04166,Level
110P04166,Level
110+04167,Level
110P04167,Level
110+04168,Level
110P04168,Level
110+04169,Level
110P04169,Level
110+04170,Level
110P04170,Level
110P04171,Level
110+04172,Level
110P04172,Level
110+04173,Level
110P04173,Level
110+04174,Level
110P04174,Level
110+04175,Level
110P04175,Level
110+04176,Level
110P04176,Level
110+04177,Level
110+04178,Level
110P04177,Level
110P04178,Level
110+04179,Level
110P04179,Level
110+04180,Level
110P04180,Level
110+04181,Level
110P04181,Level
110+04182,Level
110P04182,Level
110+04183,Level
110P04183,Level
110+04184,Level
110P04184,Level
110+04185,Level
110P04185,Level
110+04186,Level
110P04186,Level
110+04187,Level
110P04187,Level
110+04188,Level
110P04188,Level
110+04189,Level
110P04189,Level
110+04190,Level
110P04190,Level
110+04191,Level
110P04191,Level
110+04192,Level
110P04192,Level
110+04193,Level
110P04193,Level
110+04194,Level
110+05503,Level
110P05503,Level
110+05504,Level
110P05504,Level
110+05505,Level
110+04728,Level
110P04728,Level
110+04729,Level
110P04729,Level
110+04730,Level
110P04730,Level
110+04731,Level
110P04731,Level
110+04732,Level
110P04732,Level
110+04733,Level
110P04733,Level
110+04734,Level
110P04734,Level
110+04735,Level
110P04735,Level
110+04736,Level
110P04736,Level
110+04737,Level
110+04738,Level
110P04738,Level
110+04739,Level
110P04739,Level
110+04740,Level
110P04740,Level
110+04741,Level
110P04741,Level
110+04742,Level
110P04742,Level
110+04743,Level
110P04743,Level
110+04744,Level
110-04743,Level
110N04743,Level
110-04742,Level
110N04742,Level
110-04741,Level
110N04741,Level
110-04740,Level
110N04740,Level
110-04739,Level
110N04739,Level
110-04738,Level
110N04738,Level
110N04737,Level
110-04736,Level
110N04736,Level
110-04735,Level
110N04735,Level
110-04734,Level
110N04734,Level
110-04733,Level
110N04733,Level
110-04732,Level
110N04732,Level
110-04731,Level
110N04731,Level
110-04730,Level
110N04730,Level
110-04729,Level
110N04729,Level
110-04728,Level
110N04728,Level
110-04727,Level
110+05517,Rolling
110P05517,Rolling
110+05518,Rolling
110P05518,Rolling
110+05519,Rolling
110P05519,Rolling
110+05520,Rolling
110P05520,Level
110+05521,Rolling
110P05521,Rolling
110+05522,Rolling
110P05522,Level
110P05506,Rolling
110+05507,Rolling
110P05507,Rolling
110+05508,Rolling
110P05508,Rolling
110+05509,Rolling
110P05509,Rolling
110+05510,Rolling
110P05510,Level
110+05511,Rolling
110P05511,Rolling
110+05512,Rolling
110P05512,Level
110+05513,Rolling
110P05513,Rolling
110+05514,Rolling
110P05514,Rolling
110+05515,Rolling
110-05514,Rolling
110N05514,Rolling
110-05513,Rolling
110N05513,Rolling
110-05512,Rolling
110N05512,Level
110-05511,Rolling
110N05511,Level
110-05510,Rolling
110N05510,Rolling
110-05509,Rolling
110N05509,Rolling
110-05508,Rolling
110N05508,Rolling
110-05507,Rolling
110N05507,Rolling
110-05506,Rolling
110-05521,Rolling
110N05522,Rolling
110N05521,Rolling
110-05520,Rolling
110N05520,Rolling
110-05519,Rolling
110N05519,Level
110-05518,Rolling
110N05518,Level
110-05517,Rolling
110N05517,Level
110-05516,Rolling
110+05490,Rolling
110P05490,Rolling
110+05491,Level
110P05491,Level
110+05492,Level
110P05492,Rolling
110+05493,Rolling
110-05492,Rolling
110N05492,Rolling
110-05491,Level
110N05491,Level
110-05490,Level
110N05490,Rolling
110-05489,Rolling
110+05463,Rolling
110P05463,Rolling
110+05464,Rolling
110P05464,Rolling
110+05465,Rolling
110P05465,Rolling
110+05466,Rolling
110P05466,Rolling
110+05467,Rolling
110P05467,Rolling
110+05468,Rolling
110P05468,Rolling
110+05469,Rolling
110P05469,Rolling
110+05470,Rolling
110P05470,Rolling
110+05471,Rolling
110P05471,Rolling
110+05472,Rolling
110P05472,Rolling
110+05473,Rolling
110P05473,Rolling
110+05474,Rolling
110P05474,Rolling
110+05475,Rolling
110P05475,Rolling
110+05476,Rolling
110P05476,Rolling
110+05477,Rolling
110P05477,Rolling
110+05478,Rolling
110P05478,Rolling
110+05479,Rolling
110P05479,Rolling
110+05480,Rolling
110P05480,Rolling
110+05481,Rolling
110P05481,Rolling
110+05482,Rolling
110P05482,Rolling
110+05483,Rolling
110P05483,Rolling
110+05484,Rolling
110P05484,Rolling
110+05485,Rolling
110P05485,Rolling
110+05486,Rolling
110P05486,Rolling
110+05487,Rolling
110P05487,Rolling
110+05488,Rolling
110P05488,Rolling
110P05391,Rolling
110+05392,Rolling
110P05392,Rolling
110+05393,Rolling
110P05393,Rolling
110+05394,Rolling
110P05394,Rolling
110+05395,Rolling
110P05395,Rolling
110+05396,Rolling
110P05396,Rolling
110+05397,Rolling
110P05397,Rolling
110+05398,Rolling
110P05398,Rolling
110+05399,Rolling
110P05399,Rolling
110+05400,Rolling
110P05400,Rolling
110+05401,Rolling
110P05401,Rolling
110+05402,Rolling
110P05402,Rolling
110+05403,Rolling
110P05403,Rolling
110+05404,Rolling
110P05404,Rolling
110+05007,Rolling
110P05007,Rolling
110+05008,Rolling
110P05008,Rolling
110+05009,Rolling
110P05009,Rolling
110+05010,Rolling
110P05010,Rolling
110+05011,Rolling
110P05011,Rolling
110+05012,Rolling
110P05012,Rolling
110+05405,Rolling
110P05405,Rolling
110+05406,Rolling
110P05406,Rolling
110+05407,Rolling
110P05407,Rolling
110+05408,Rolling
110P05408,Rolling
110+05409,Rolling
110P05409,Rolling
110+05410,Rolling
110P05410,Rolling
110+05411,Rolling
110P05411,Rolling
110+05412,Rolling
110P05412,Rolling
110+05413,Rolling
110P05413,Rolling
110P05353,Rolling
110+05354,Rolling
110P05354,Rolling
110+05355,Rolling
110P05355,Rolling
110+05356,Rolling
110P05356,Rolling
110+05357,Rolling
110P05357,Rolling
110+05358,Rolling
110P05358,Rolling
110+05359,Rolling
110P05359,Rolling
110+05360,Rolling
110P05360,Rolling
110+05361,Rolling
110P05361,Rolling
110+05362,Rolling
110P05362,Rolling
110+05363,Rolling
110P05363,Rolling
110+05364,Rolling
110P05364,Rolling
110+05365,Rolling
110P05365,Rolling
110+05366,Rolling
110P05366,Rolling
110+05367,Rolling
110P05367,Rolling
110+05368,Rolling
110P05368,Rolling
110+05369,Rolling
110P05369,Rolling
110+05370,Rolling
110P05370,Rolling
110+05371,Rolling
110P05371,Rolling
110+05372,Rolling
110P05372,Rolling
110+05373,Rolling
110P05373,Rolling
110+05374,Rolling
110P05374,Rolling
110+05375,Rolling
110P05375,Rolling
110+04681,Level
110P04681,Level
110+04682,Level
110P04682,Level
110+04683,Level
110P04683,Level
110+04684,Level
110P04684,Level
110+05376,Level
110P05376,Level
110+05377,Level
110P05377,Level
110+05378,Level
110-05377,Level
110N05377,Level
110-05376,Level
110N05376,Level
110-04684,Level
110N04684,Level
110-04683,Level
110N04683,Level
110-04682,Level
110N04682,Level
110-04681,Level
110N04681,Level
110-05375,Level
110N05375,Rolling
110-05374,Rolling
110N05374,Rolling
110-05373,Rolling
110N05373,Rolling
110-05372,Rolling
110N05372,Rolling
110-05371,Rolling
110N05371,Rolling
110-05370,Rolling
110N05370,Rolling
110-05369,Rolling
110N05369,Rolling
110-05368,Rolling
110N05368,Rolling
110-05367,Rolling
110N05367,Rolling
110-05366,Rolling
110N05366,Rolling
110-05365,Rolling
110N05365,Rolling
110-05364,Rolling
110N05364,Rolling
110-05363,Rolling
110N05363,Rolling
110-05362,Rolling
110N05362,Rolling
110-05361,Rolling
110N05361,Rolling
110-05360,Rolling
110N05360,Rolling
110-05359,Rolling
110N05359,Rolling
110-05358,Rolling
110N05358,Rolling
110-05357,Rolling
110N05357,Rolling
110-05356,Rolling
110N05356,Rolling
110-05355,Rolling
110N05355,Rolling
110-05354,Rolling
110N05354,Rolling
110-05353,Rolling
110N05353,Rolling
110-05412,Rolling
110N05412,Rolling
110-05411,Rolling
110-05410,Rolling
110N05410,Rolling
110-05409,Rolling
110N05409,Rolling
110-05408,Rolling
110N05408,Rolling
110-05407,Rolling
110N05407,Rolling
110-05406,Rolling
110N05406,Rolling
110-05405,Rolling
110N05405,Rolling
110-05012,Rolling
110N05012,Rolling
110-05011,Rolling
110N05011,Rolling
110-05010,Rolling
110N05010,Rolling
110-05009,Rolling
110N05009,Rolling
110-05008,Rolling
110N05008,Rolling
110-05007,Rolling
110N05007,Rolling
110-05404,Rolling
110N05404,Rolling
110-05403,Rolling
110N05403,Rolling
110-05402,Rolling
110N05402,Rolling
110-05401,Rolling
110N05401,Rolling
110-05400,Rolling
110N05400,Rolling
110-05399,Rolling
110N05399,Rolling
110-05398,Rolling
110N05398,Rolling
110-05397,Rolling
110N05397,Rolling
110-05396,Rolling
110N05396,Rolling
110-05395,Rolling
110N05395,Rolling
110-05394,Rolling
110N05394,Rolling
110-05393,Rolling
110N05393,Rolling
110-05392,Rolling
110N05392,Rolling
110-05391,Rolling
110N05391,Rolling
110N05488,Rolling
110-05487,Rolling
110N05487,Rolling
110-05486,Rolling
110N05486,Rolling
110-05485,Rolling
110N05485,Rolling
110-05484,Rolling
110N05484,Rolling
110-05483,Rolling
110N05483,Rolling
110-05482,Rolling
110N05482,Rolling
110-05481,Rolling
110N05481,Rolling
110-05480,Rolling
110N05480,Rolling
110-05479,Rolling
110N05479,Rolling
110-05478,Rolling
110N05478,Rolling
110-05477,Rolling
110N05477,Rolling
110-05476,Rolling
110N05476,Rolling
110-05475,Rolling
110N05475,Rolling
110-05474,Rolling
110N05474,Rolling
110-05473,Rolling
110N05473,Rolling
110-05472,Rolling
110N05472,Rolling
110-05471,Rolling
110N05471,Rolling
110-05470,Rolling
110N05470,Rolling
110-05469,Rolling
110N05469,Rolling
110-05468,Rolling
110N05468,Rolling
110-05467,Rolling
110N05467,Rolling
110-05466,Rolling
110N05466,Rolling
110-05465,Rolling
110N05465,Rolling
110-05464,Rolling
110N05464,Rolling
110-05463,Rolling
110N05463,Rolling
110-05462,Rolling
110+05427,Level
110P05427,Level
110+05428,Level
110P05428,Level
110+05429,Level
110P05429,Level
110+05430,Level
110P05430,Level
110+05431,Level
110P05431,Level
110+05432,Level
110P05432,Level
110+05433,Level
110P05433,Level
110+05434,Level
110P05434,Level
110+05435,Level
110P05435,Level
110+05436,Level
110P05436,Level
110+05437,Level
110P05437,Level
110+05438,Level
110P05438,Level
110+05439,Level
110P05439,Level
110+05440,Level
110P05440,Level
110+05441,Level
110+04827,Level
110P04827,Level
110+04828,Level
110P04828,Level
110N04828,Level
110-04827,Level
110N04827,Level
110-04826,Level
110-05440,Level
110N05440,Level
110-05439,Level
110N05439,Level
110-05438,Level
110N05438,Level
110-05437,Level
110N05437,Level
110-05436,Level
110N05436,Level
110-05435,Level
110N05435,Level
110-05434,Level
110N05434,Level
110-05433,Level
110N05433,Level
110-05432,Level
110N05432,Level
110-05431,Level
110N05431,Level
110-05430,Level
110N05430,Level
110-05429,Level
110N05429,Level
110-05428,Level
110N05428,Level
110-05427,Level
110N05427,Level
110-05426,Level
110+05415,Level
110P05415,Level
110+05416,Level
110P05416,Level
110+05417,Level
110P05417,Level
110+05418,Level
110+05419,Level
110P05419,Level
110+05420,Level
110P05420,Level
110+05421,Level
110P05421,Level
110+05422,Level
110P05422,Level
110+05423,Level
110P05423,Level
110+05424,Level
110P05424,Level
110+05425,Level
110+04798,Level
110P04798,Level
110+04799,Level
110P04799,Level
110+04800,Level
110P04800,Level
110+04801,Level
110P04801,Level
110+04803,Level
110P04803,Level
110+04804,Level
110P04804,Level
110+04805,Level
110P04805,Level
110+04806,Level
110P04806,Level
110+04807,Level
110P04807,Level
110+04808,Level
110P04808,Level
110+04809,Level
110P04809,Level
110+04810,Level
110P04810,Level
110+04811,Rolling
110P04811,Level
110+04812,Level
110P04812,Level
110+04813,Level
110P04813,Level
110+04814,Level
110P04814,Level
110+04815,Level
110P04815,Level
110+04816,Level
110P04816,Level
110+04817,Level
110P04817,Level
110+04818,Level
110P04818,Level
110+04819,Level
110P04819,Level
110+04820,Level
110P04820,Level
110+04821,Level
110P04821,Level
110+04785,Level
110P04784,Level
110P04785,Level
110+04786,Level
110P04786,Level
110+04787,Level
110P04787,Level
110+04788,Level
110P04788,Level
110+04789,Level
110P04789,Level
110+04790,Level
110P04790,Level
110+05379,Level
110P05379,Level
110+05380,Level
110P05380,Level
110+05381,Level
110P05381,Level
110+05382,Level
110P05382,Level
110+05383,Level
110P05383,Level
110+05384,Level
110+05390,Level
110P05390,Level
110+04925,Level
110P04925,Level
110+04926,Level
110P04926,Level
110+04927,Level
110+04143,Level
110P04143,Level
110+04144,Level
110P04144,Level
110+04145,Level
110P04145,Level
110+04146,Level
110P04146,Level
110+04147,Level
110P04147,Level
110+04148,Level
110P04148,Level
110+04149,Level
110P04149,Level
110+04150,Level
110P04150,Level
110+04151,Level
110P04151,Level
110+04152,Level
110P04152,Level
110+04153,Level
110P04153,Level
110+04154,Level
110P04154,Level
110+04155,Level
110P04155,Level
110+04156,Level
110P04156,Level
110+04157,Level
110P04157,Level
110+04158,Level
110+04159,Level
110-04158,Level
110-04156,Level
110N04156,Level
110N04155,Level
110-04154,Level
110N04154,Level
110-04153,Level
110N04153,Level
110-04152,Level
110N04152,Level
110-04151,Level
110N04151,Level
110-04150,Level
110N04150,Level
110-04149,Level
110N04149,Level
110-04148,Level
110N04148,Level
110-04147,Level
110N04147,Level
110-04146,Level
110N04146,Level
110-04145,Level
110N04145,Level
110-04144,Level
110N04144,Level
110-04143,Level
110N04143,Level
110-04142,Level
110-04926,Level
110N04926,Level
110-04925,Level
110N04925,Level
110-05390,Level
110N05390,Level
110-05389,Level
110-05383,Level
110N05383,Level
110-05382,Level
110N05382,Level
110-05381,Level
110N05381,Level
110-05380,Level
110N05380,Level
110-05379,Level
110N05379,Level
110-04790,Level
110N04790,Level
110-04789,Level
110N04789,Level
110-04788,Level
110N04788,Level
110-04787,Level
110N04787,Level
110-04786,Level
110N04786,Level
110-04785,Level
110N04785,Level
110-04784,Level
110N04784,Level
110N04821,Level
110-04820,Level
110N04820,Level
110-04819,Level
110N04819,Level
110-04818,Level
110N04818,Level
110-04817,Level
110N04817,Level
110-04816,Level
110N04816,Level
110-04815,Level
110N04815,Level
110-04814,Level
110N04814,Level
110-04813,Level
110N04813,Level
110-04812,Level
110N04812,Level
110-04811,Level
110N04811,Level
110-04810,Rolling
110N04810,Level
110-04809,Level
110N04809,Level
110-04808,Level
110N04808,Level
110-04807,Level
110N04807,Level
110-04806,Level
110N04806,Level
110-04805,Level
110N04805,Level
110-04804,Level
110N04804,Level
110-04803,Level
110N04803,Level
110-04802,Level
110-04801,Level
110N04801,Level
110-04800,Level
110N04800,Level
110-04799,Level
110N04799,Level
110-04798,Level
110N04798,Level
110-04797,Level
110-05424,Level
110N05424,Level
110-05423,Level
110N05423,Level
110-05422,Level
110N05422,Level
110-05421,Level
110N05421,Level
110-05420,Level
110N05420,Level
110-05419,Level
110N05419,Level
110-05418,Level
110-05417,Level
110N05417,Level
110-05416,Level
110N05416,Level
110-05415,Level
110N05415,Level
110-05414,Level
